record_type	transcription_factor	split	bin_index	bin_left	bin_right	logical_example_count
affinity_histogram	AbdA	training	0	0	0.02	0
affinity_histogram	AbdA	training	1	0.02	0.04	0
affinity_histogram	AbdA	training	2	0.04	0.06	0
affinity_histogram	AbdA	training	3	0.06	0.08	0
affinity_histogram	AbdA	training	4	0.08	0.1	4
affinity_histogram	AbdA	training	5	0.1	0.12	190
affinity_histogram	AbdA	training	6	0.12	0.14	1252
affinity_histogram	AbdA	training	7	0.14	0.16	2842
affinity_histogram	AbdA	training	8	0.16	0.18	3265
affinity_histogram	AbdA	training	9	0.18	0.2	2748
affinity_histogram	AbdA	training	10	0.2	0.22	2200
affinity_histogram	AbdA	training	11	0.22	0.24	1580
affinity_histogram	AbdA	training	12	0.24	0.26	1285
affinity_histogram	AbdA	training	13	0.26	0.28	974
affinity_histogram	AbdA	training	14	0.28	0.3	677
affinity_histogram	AbdA	training	15	0.3	0.32	563
affinity_histogram	AbdA	training	16	0.32	0.34	453
affinity_histogram	AbdA	training	17	0.34	0.36	376
affinity_histogram	AbdA	training	18	0.36	0.38	288
affinity_histogram	AbdA	training	19	0.38	0.4	228
affinity_histogram	AbdA	training	20	0.4	0.42	176
affinity_histogram	AbdA	training	21	0.42	0.44	147
affinity_histogram	AbdA	training	22	0.44	0.46	147
affinity_histogram	AbdA	training	23	0.46	0.48	118
affinity_histogram	AbdA	training	24	0.48	0.5	101
affinity_histogram	AbdA	training	25	0.5	0.52	80
affinity_histogram	AbdA	training	26	0.52	0.54	52
affinity_histogram	AbdA	training	27	0.54	0.56	55
affinity_histogram	AbdA	training	28	0.56	0.58	50
affinity_histogram	AbdA	training	29	0.58	0.6	33
affinity_histogram	AbdA	training	30	0.6	0.62	29
affinity_histogram	AbdA	training	31	0.62	0.64	16
affinity_histogram	AbdA	training	32	0.64	0.66	27
affinity_histogram	AbdA	training	33	0.66	0.68	19
affinity_histogram	AbdA	training	34	0.68	0.7	25
affinity_histogram	AbdA	training	35	0.7	0.72	8
affinity_histogram	AbdA	training	36	0.72	0.74	15
affinity_histogram	AbdA	training	37	0.74	0.76	7
affinity_histogram	AbdA	training	38	0.76	0.78	4
affinity_histogram	AbdA	training	39	0.78	0.8	6
affinity_histogram	AbdA	training	40	0.8	0.82	3
affinity_histogram	AbdA	training	41	0.82	0.84	3
affinity_histogram	AbdA	training	42	0.84	0.86	0
affinity_histogram	AbdA	training	43	0.86	0.88	1
affinity_histogram	AbdA	training	44	0.88	0.9	1
affinity_histogram	AbdA	training	45	0.9	0.92	1
affinity_histogram	AbdA	training	46	0.92	0.94	0
affinity_histogram	AbdA	training	47	0.94	0.96	0
affinity_histogram	AbdA	training	48	0.96	0.98	0
affinity_histogram	AbdA	training	49	0.98	1	1
affinity_histogram	AbdA	validation	0	0	0.02	0
affinity_histogram	AbdA	validation	1	0.02	0.04	0
affinity_histogram	AbdA	validation	2	0.04	0.06	0
affinity_histogram	AbdA	validation	3	0.06	0.08	0
affinity_histogram	AbdA	validation	4	0.08	0.1	0
affinity_histogram	AbdA	validation	5	0.1	0.12	14
affinity_histogram	AbdA	validation	6	0.12	0.14	154
affinity_histogram	AbdA	validation	7	0.14	0.16	315
affinity_histogram	AbdA	validation	8	0.16	0.18	373
affinity_histogram	AbdA	validation	9	0.18	0.2	354
affinity_histogram	AbdA	validation	10	0.2	0.22	280
affinity_histogram	AbdA	validation	11	0.22	0.24	211
affinity_histogram	AbdA	validation	12	0.24	0.26	165
affinity_histogram	AbdA	validation	13	0.26	0.28	145
affinity_histogram	AbdA	validation	14	0.28	0.3	107
affinity_histogram	AbdA	validation	15	0.3	0.32	86
affinity_histogram	AbdA	validation	16	0.32	0.34	56
affinity_histogram	AbdA	validation	17	0.34	0.36	52
affinity_histogram	AbdA	validation	18	0.36	0.38	36
affinity_histogram	AbdA	validation	19	0.38	0.4	29
affinity_histogram	AbdA	validation	20	0.4	0.42	27
affinity_histogram	AbdA	validation	21	0.42	0.44	17
affinity_histogram	AbdA	validation	22	0.44	0.46	9
affinity_histogram	AbdA	validation	23	0.46	0.48	19
affinity_histogram	AbdA	validation	24	0.48	0.5	9
affinity_histogram	AbdA	validation	25	0.5	0.52	4
affinity_histogram	AbdA	validation	26	0.52	0.54	11
affinity_histogram	AbdA	validation	27	0.54	0.56	5
affinity_histogram	AbdA	validation	28	0.56	0.58	5
affinity_histogram	AbdA	validation	29	0.58	0.6	4
affinity_histogram	AbdA	validation	30	0.6	0.62	4
affinity_histogram	AbdA	validation	31	0.62	0.64	2
affinity_histogram	AbdA	validation	32	0.64	0.66	3
affinity_histogram	AbdA	validation	33	0.66	0.68	0
affinity_histogram	AbdA	validation	34	0.68	0.7	3
affinity_histogram	AbdA	validation	35	0.7	0.72	0
affinity_histogram	AbdA	validation	36	0.72	0.74	0
affinity_histogram	AbdA	validation	37	0.74	0.76	1
affinity_histogram	AbdA	validation	38	0.76	0.78	2
affinity_histogram	AbdA	validation	39	0.78	0.8	1
affinity_histogram	AbdA	validation	40	0.8	0.82	1
affinity_histogram	AbdA	validation	41	0.82	0.84	1
affinity_histogram	AbdA	validation	42	0.84	0.86	0
affinity_histogram	AbdA	validation	43	0.86	0.88	0
affinity_histogram	AbdA	validation	44	0.88	0.9	0
affinity_histogram	AbdA	validation	45	0.9	0.92	1
affinity_histogram	AbdA	validation	46	0.92	0.94	2
affinity_histogram	AbdA	validation	47	0.94	0.96	0
affinity_histogram	AbdA	validation	48	0.96	0.98	2
affinity_histogram	AbdA	validation	49	0.98	1	0
affinity_histogram	AbdB	training	0	0	0.02	0
affinity_histogram	AbdB	training	1	0.02	0.04	0
affinity_histogram	AbdB	training	2	0.04	0.06	0
affinity_histogram	AbdB	training	3	0.06	0.08	4
affinity_histogram	AbdB	training	4	0.08	0.1	214
affinity_histogram	AbdB	training	5	0.1	0.12	1238
affinity_histogram	AbdB	training	6	0.12	0.14	3108
affinity_histogram	AbdB	training	7	0.14	0.16	4613
affinity_histogram	AbdB	training	8	0.16	0.18	5187
affinity_histogram	AbdB	training	9	0.18	0.2	4838
affinity_histogram	AbdB	training	10	0.2	0.22	3697
affinity_histogram	AbdB	training	11	0.22	0.24	2563
affinity_histogram	AbdB	training	12	0.24	0.26	1742
affinity_histogram	AbdB	training	13	0.26	0.28	1255
affinity_histogram	AbdB	training	14	0.28	0.3	953
affinity_histogram	AbdB	training	15	0.3	0.32	727
affinity_histogram	AbdB	training	16	0.32	0.34	540
affinity_histogram	AbdB	training	17	0.34	0.36	444
affinity_histogram	AbdB	training	18	0.36	0.38	351
affinity_histogram	AbdB	training	19	0.38	0.4	299
affinity_histogram	AbdB	training	20	0.4	0.42	238
affinity_histogram	AbdB	training	21	0.42	0.44	210
affinity_histogram	AbdB	training	22	0.44	0.46	167
affinity_histogram	AbdB	training	23	0.46	0.48	125
affinity_histogram	AbdB	training	24	0.48	0.5	104
affinity_histogram	AbdB	training	25	0.5	0.52	88
affinity_histogram	AbdB	training	26	0.52	0.54	85
affinity_histogram	AbdB	training	27	0.54	0.56	67
affinity_histogram	AbdB	training	28	0.56	0.58	45
affinity_histogram	AbdB	training	29	0.58	0.6	55
affinity_histogram	AbdB	training	30	0.6	0.62	43
affinity_histogram	AbdB	training	31	0.62	0.64	38
affinity_histogram	AbdB	training	32	0.64	0.66	16
affinity_histogram	AbdB	training	33	0.66	0.68	19
affinity_histogram	AbdB	training	34	0.68	0.7	22
affinity_histogram	AbdB	training	35	0.7	0.72	23
affinity_histogram	AbdB	training	36	0.72	0.74	7
affinity_histogram	AbdB	training	37	0.74	0.76	12
affinity_histogram	AbdB	training	38	0.76	0.78	3
affinity_histogram	AbdB	training	39	0.78	0.8	11
affinity_histogram	AbdB	training	40	0.8	0.82	7
affinity_histogram	AbdB	training	41	0.82	0.84	2
affinity_histogram	AbdB	training	42	0.84	0.86	3
affinity_histogram	AbdB	training	43	0.86	0.88	2
affinity_histogram	AbdB	training	44	0.88	0.9	0
affinity_histogram	AbdB	training	45	0.9	0.92	2
affinity_histogram	AbdB	training	46	0.92	0.94	0
affinity_histogram	AbdB	training	47	0.94	0.96	2
affinity_histogram	AbdB	training	48	0.96	0.98	1
affinity_histogram	AbdB	training	49	0.98	1	0
affinity_histogram	AbdB	validation	0	0	0.02	0
affinity_histogram	AbdB	validation	1	0.02	0.04	0
affinity_histogram	AbdB	validation	2	0.04	0.06	0
affinity_histogram	AbdB	validation	3	0.06	0.08	2
affinity_histogram	AbdB	validation	4	0.08	0.1	19
affinity_histogram	AbdB	validation	5	0.1	0.12	134
affinity_histogram	AbdB	validation	6	0.12	0.14	332
affinity_histogram	AbdB	validation	7	0.14	0.16	571
affinity_histogram	AbdB	validation	8	0.16	0.18	658
affinity_histogram	AbdB	validation	9	0.18	0.2	602
affinity_histogram	AbdB	validation	10	0.2	0.22	478
affinity_histogram	AbdB	validation	11	0.22	0.24	343
affinity_histogram	AbdB	validation	12	0.24	0.26	248
affinity_histogram	AbdB	validation	13	0.26	0.28	158
affinity_histogram	AbdB	validation	14	0.28	0.3	130
affinity_histogram	AbdB	validation	15	0.3	0.32	106
affinity_histogram	AbdB	validation	16	0.32	0.34	58
affinity_histogram	AbdB	validation	17	0.34	0.36	63
affinity_histogram	AbdB	validation	18	0.36	0.38	51
affinity_histogram	AbdB	validation	19	0.38	0.4	31
affinity_histogram	AbdB	validation	20	0.4	0.42	34
affinity_histogram	AbdB	validation	21	0.42	0.44	27
affinity_histogram	AbdB	validation	22	0.44	0.46	20
affinity_histogram	AbdB	validation	23	0.46	0.48	10
affinity_histogram	AbdB	validation	24	0.48	0.5	12
affinity_histogram	AbdB	validation	25	0.5	0.52	8
affinity_histogram	AbdB	validation	26	0.52	0.54	9
affinity_histogram	AbdB	validation	27	0.54	0.56	7
affinity_histogram	AbdB	validation	28	0.56	0.58	7
affinity_histogram	AbdB	validation	29	0.58	0.6	3
affinity_histogram	AbdB	validation	30	0.6	0.62	4
affinity_histogram	AbdB	validation	31	0.62	0.64	3
affinity_histogram	AbdB	validation	32	0.64	0.66	2
affinity_histogram	AbdB	validation	33	0.66	0.68	2
affinity_histogram	AbdB	validation	34	0.68	0.7	1
affinity_histogram	AbdB	validation	35	0.7	0.72	2
affinity_histogram	AbdB	validation	36	0.72	0.74	1
affinity_histogram	AbdB	validation	37	0.74	0.76	1
affinity_histogram	AbdB	validation	38	0.76	0.78	0
affinity_histogram	AbdB	validation	39	0.78	0.8	0
affinity_histogram	AbdB	validation	40	0.8	0.82	3
affinity_histogram	AbdB	validation	41	0.82	0.84	0
affinity_histogram	AbdB	validation	42	0.84	0.86	3
affinity_histogram	AbdB	validation	43	0.86	0.88	2
affinity_histogram	AbdB	validation	44	0.88	0.9	1
affinity_histogram	AbdB	validation	45	0.9	0.92	1
affinity_histogram	AbdB	validation	46	0.92	0.94	0
affinity_histogram	AbdB	validation	47	0.94	0.96	1
affinity_histogram	AbdB	validation	48	0.96	0.98	0
affinity_histogram	AbdB	validation	49	0.98	1	1
affinity_histogram	Antp	training	0	0	0.02	0
affinity_histogram	Antp	training	1	0.02	0.04	0
affinity_histogram	Antp	training	2	0.04	0.06	0
affinity_histogram	Antp	training	3	0.06	0.08	9
affinity_histogram	Antp	training	4	0.08	0.1	474
affinity_histogram	Antp	training	5	0.1	0.12	2352
affinity_histogram	Antp	training	6	0.12	0.14	4033
affinity_histogram	Antp	training	7	0.14	0.16	4540
affinity_histogram	Antp	training	8	0.16	0.18	3928
affinity_histogram	Antp	training	9	0.18	0.2	2795
affinity_histogram	Antp	training	10	0.2	0.22	1740
affinity_histogram	Antp	training	11	0.22	0.24	1207
affinity_histogram	Antp	training	12	0.24	0.26	903
affinity_histogram	Antp	training	13	0.26	0.28	579
affinity_histogram	Antp	training	14	0.28	0.3	435
affinity_histogram	Antp	training	15	0.3	0.32	333
affinity_histogram	Antp	training	16	0.32	0.34	257
affinity_histogram	Antp	training	17	0.34	0.36	206
affinity_histogram	Antp	training	18	0.36	0.38	167
affinity_histogram	Antp	training	19	0.38	0.4	121
affinity_histogram	Antp	training	20	0.4	0.42	108
affinity_histogram	Antp	training	21	0.42	0.44	77
affinity_histogram	Antp	training	22	0.44	0.46	70
affinity_histogram	Antp	training	23	0.46	0.48	45
affinity_histogram	Antp	training	24	0.48	0.5	48
affinity_histogram	Antp	training	25	0.5	0.52	35
affinity_histogram	Antp	training	26	0.52	0.54	32
affinity_histogram	Antp	training	27	0.54	0.56	15
affinity_histogram	Antp	training	28	0.56	0.58	24
affinity_histogram	Antp	training	29	0.58	0.6	8
affinity_histogram	Antp	training	30	0.6	0.62	23
affinity_histogram	Antp	training	31	0.62	0.64	7
affinity_histogram	Antp	training	32	0.64	0.66	6
affinity_histogram	Antp	training	33	0.66	0.68	4
affinity_histogram	Antp	training	34	0.68	0.7	6
affinity_histogram	Antp	training	35	0.7	0.72	2
affinity_histogram	Antp	training	36	0.72	0.74	5
affinity_histogram	Antp	training	37	0.74	0.76	5
affinity_histogram	Antp	training	38	0.76	0.78	3
affinity_histogram	Antp	training	39	0.78	0.8	2
affinity_histogram	Antp	training	40	0.8	0.82	0
affinity_histogram	Antp	training	41	0.82	0.84	2
affinity_histogram	Antp	training	42	0.84	0.86	1
affinity_histogram	Antp	training	43	0.86	0.88	0
affinity_histogram	Antp	training	44	0.88	0.9	0
affinity_histogram	Antp	training	45	0.9	0.92	0
affinity_histogram	Antp	training	46	0.92	0.94	1
affinity_histogram	Antp	training	47	0.94	0.96	1
affinity_histogram	Antp	training	48	0.96	0.98	0
affinity_histogram	Antp	training	49	0.98	1	1
affinity_histogram	Antp	validation	0	0	0.02	0
affinity_histogram	Antp	validation	1	0.02	0.04	0
affinity_histogram	Antp	validation	2	0.04	0.06	0
affinity_histogram	Antp	validation	3	0.06	0.08	0
affinity_histogram	Antp	validation	4	0.08	0.1	44
affinity_histogram	Antp	validation	5	0.1	0.12	270
affinity_histogram	Antp	validation	6	0.12	0.14	464
affinity_histogram	Antp	validation	7	0.14	0.16	526
affinity_histogram	Antp	validation	8	0.16	0.18	510
affinity_histogram	Antp	validation	9	0.18	0.2	383
affinity_histogram	Antp	validation	10	0.2	0.22	238
affinity_histogram	Antp	validation	11	0.22	0.24	163
affinity_histogram	Antp	validation	12	0.24	0.26	127
affinity_histogram	Antp	validation	13	0.26	0.28	81
affinity_histogram	Antp	validation	14	0.28	0.3	66
affinity_histogram	Antp	validation	15	0.3	0.32	56
affinity_histogram	Antp	validation	16	0.32	0.34	27
affinity_histogram	Antp	validation	17	0.34	0.36	29
affinity_histogram	Antp	validation	18	0.36	0.38	25
affinity_histogram	Antp	validation	19	0.38	0.4	16
affinity_histogram	Antp	validation	20	0.4	0.42	9
affinity_histogram	Antp	validation	21	0.42	0.44	10
affinity_histogram	Antp	validation	22	0.44	0.46	5
affinity_histogram	Antp	validation	23	0.46	0.48	5
affinity_histogram	Antp	validation	24	0.48	0.5	3
affinity_histogram	Antp	validation	25	0.5	0.52	1
affinity_histogram	Antp	validation	26	0.52	0.54	2
affinity_histogram	Antp	validation	27	0.54	0.56	2
affinity_histogram	Antp	validation	28	0.56	0.58	4
affinity_histogram	Antp	validation	29	0.58	0.6	2
affinity_histogram	Antp	validation	30	0.6	0.62	0
affinity_histogram	Antp	validation	31	0.62	0.64	1
affinity_histogram	Antp	validation	32	0.64	0.66	0
affinity_histogram	Antp	validation	33	0.66	0.68	0
affinity_histogram	Antp	validation	34	0.68	0.7	2
affinity_histogram	Antp	validation	35	0.7	0.72	1
affinity_histogram	Antp	validation	36	0.72	0.74	1
affinity_histogram	Antp	validation	37	0.74	0.76	1
affinity_histogram	Antp	validation	38	0.76	0.78	0
affinity_histogram	Antp	validation	39	0.78	0.8	0
affinity_histogram	Antp	validation	40	0.8	0.82	1
affinity_histogram	Antp	validation	41	0.82	0.84	0
affinity_histogram	Antp	validation	42	0.84	0.86	1
affinity_histogram	Antp	validation	43	0.86	0.88	1
affinity_histogram	Antp	validation	44	0.88	0.9	2
affinity_histogram	Antp	validation	45	0.9	0.92	0
affinity_histogram	Antp	validation	46	0.92	0.94	0
affinity_histogram	Antp	validation	47	0.94	0.96	1
affinity_histogram	Antp	validation	48	0.96	0.98	0
affinity_histogram	Antp	validation	49	0.98	1	0
affinity_histogram	Dfd	training	0	0	0.02	0
affinity_histogram	Dfd	training	1	0.02	0.04	0
affinity_histogram	Dfd	training	2	0.04	0.06	0
affinity_histogram	Dfd	training	3	0.06	0.08	8
affinity_histogram	Dfd	training	4	0.08	0.1	444
affinity_histogram	Dfd	training	5	0.1	0.12	2531
affinity_histogram	Dfd	training	6	0.12	0.14	4251
affinity_histogram	Dfd	training	7	0.14	0.16	3886
affinity_histogram	Dfd	training	8	0.16	0.18	2728
affinity_histogram	Dfd	training	9	0.18	0.2	1977
affinity_histogram	Dfd	training	10	0.2	0.22	1286
affinity_histogram	Dfd	training	11	0.22	0.24	865
affinity_histogram	Dfd	training	12	0.24	0.26	686
affinity_histogram	Dfd	training	13	0.26	0.28	497
affinity_histogram	Dfd	training	14	0.28	0.3	383
affinity_histogram	Dfd	training	15	0.3	0.32	326
affinity_histogram	Dfd	training	16	0.32	0.34	292
affinity_histogram	Dfd	training	17	0.34	0.36	209
affinity_histogram	Dfd	training	18	0.36	0.38	174
affinity_histogram	Dfd	training	19	0.38	0.4	141
affinity_histogram	Dfd	training	20	0.4	0.42	103
affinity_histogram	Dfd	training	21	0.42	0.44	76
affinity_histogram	Dfd	training	22	0.44	0.46	87
affinity_histogram	Dfd	training	23	0.46	0.48	64
affinity_histogram	Dfd	training	24	0.48	0.5	35
affinity_histogram	Dfd	training	25	0.5	0.52	40
affinity_histogram	Dfd	training	26	0.52	0.54	35
affinity_histogram	Dfd	training	27	0.54	0.56	36
affinity_histogram	Dfd	training	28	0.56	0.58	32
affinity_histogram	Dfd	training	29	0.58	0.6	18
affinity_histogram	Dfd	training	30	0.6	0.62	14
affinity_histogram	Dfd	training	31	0.62	0.64	18
affinity_histogram	Dfd	training	32	0.64	0.66	6
affinity_histogram	Dfd	training	33	0.66	0.68	14
affinity_histogram	Dfd	training	34	0.68	0.7	8
affinity_histogram	Dfd	training	35	0.7	0.72	7
affinity_histogram	Dfd	training	36	0.72	0.74	6
affinity_histogram	Dfd	training	37	0.74	0.76	3
affinity_histogram	Dfd	training	38	0.76	0.78	4
affinity_histogram	Dfd	training	39	0.78	0.8	3
affinity_histogram	Dfd	training	40	0.8	0.82	6
affinity_histogram	Dfd	training	41	0.82	0.84	2
affinity_histogram	Dfd	training	42	0.84	0.86	3
affinity_histogram	Dfd	training	43	0.86	0.88	0
affinity_histogram	Dfd	training	44	0.88	0.9	1
affinity_histogram	Dfd	training	45	0.9	0.92	3
affinity_histogram	Dfd	training	46	0.92	0.94	0
affinity_histogram	Dfd	training	47	0.94	0.96	1
affinity_histogram	Dfd	training	48	0.96	0.98	1
affinity_histogram	Dfd	training	49	0.98	1	1
affinity_histogram	Dfd	validation	0	0	0.02	0
affinity_histogram	Dfd	validation	1	0.02	0.04	0
affinity_histogram	Dfd	validation	2	0.04	0.06	0
affinity_histogram	Dfd	validation	3	0.06	0.08	0
affinity_histogram	Dfd	validation	4	0.08	0.1	56
affinity_histogram	Dfd	validation	5	0.1	0.12	285
affinity_histogram	Dfd	validation	6	0.12	0.14	522
affinity_histogram	Dfd	validation	7	0.14	0.16	450
affinity_histogram	Dfd	validation	8	0.16	0.18	354
affinity_histogram	Dfd	validation	9	0.18	0.2	241
affinity_histogram	Dfd	validation	10	0.2	0.22	191
affinity_histogram	Dfd	validation	11	0.22	0.24	128
affinity_histogram	Dfd	validation	12	0.24	0.26	87
affinity_histogram	Dfd	validation	13	0.26	0.28	62
affinity_histogram	Dfd	validation	14	0.28	0.3	46
affinity_histogram	Dfd	validation	15	0.3	0.32	48
affinity_histogram	Dfd	validation	16	0.32	0.34	41
affinity_histogram	Dfd	validation	17	0.34	0.36	37
affinity_histogram	Dfd	validation	18	0.36	0.38	25
affinity_histogram	Dfd	validation	19	0.38	0.4	20
affinity_histogram	Dfd	validation	20	0.4	0.42	13
affinity_histogram	Dfd	validation	21	0.42	0.44	8
affinity_histogram	Dfd	validation	22	0.44	0.46	8
affinity_histogram	Dfd	validation	23	0.46	0.48	8
affinity_histogram	Dfd	validation	24	0.48	0.5	3
affinity_histogram	Dfd	validation	25	0.5	0.52	5
affinity_histogram	Dfd	validation	26	0.52	0.54	6
affinity_histogram	Dfd	validation	27	0.54	0.56	2
affinity_histogram	Dfd	validation	28	0.56	0.58	2
affinity_histogram	Dfd	validation	29	0.58	0.6	4
affinity_histogram	Dfd	validation	30	0.6	0.62	4
affinity_histogram	Dfd	validation	31	0.62	0.64	2
affinity_histogram	Dfd	validation	32	0.64	0.66	2
affinity_histogram	Dfd	validation	33	0.66	0.68	2
affinity_histogram	Dfd	validation	34	0.68	0.7	1
affinity_histogram	Dfd	validation	35	0.7	0.72	0
affinity_histogram	Dfd	validation	36	0.72	0.74	2
affinity_histogram	Dfd	validation	37	0.74	0.76	2
affinity_histogram	Dfd	validation	38	0.76	0.78	0
affinity_histogram	Dfd	validation	39	0.78	0.8	0
affinity_histogram	Dfd	validation	40	0.8	0.82	2
affinity_histogram	Dfd	validation	41	0.82	0.84	0
affinity_histogram	Dfd	validation	42	0.84	0.86	0
affinity_histogram	Dfd	validation	43	0.86	0.88	1
affinity_histogram	Dfd	validation	44	0.88	0.9	0
affinity_histogram	Dfd	validation	45	0.9	0.92	0
affinity_histogram	Dfd	validation	46	0.92	0.94	0
affinity_histogram	Dfd	validation	47	0.94	0.96	0
affinity_histogram	Dfd	validation	48	0.96	0.98	0
affinity_histogram	Dfd	validation	49	0.98	1	0
affinity_histogram	Lab	training	0	0	0.02	0
affinity_histogram	Lab	training	1	0.02	0.04	0
affinity_histogram	Lab	training	2	0.04	0.06	1
affinity_histogram	Lab	training	3	0.06	0.08	365
affinity_histogram	Lab	training	4	0.08	0.1	2867
affinity_histogram	Lab	training	5	0.1	0.12	5257
affinity_histogram	Lab	training	6	0.12	0.14	4383
affinity_histogram	Lab	training	7	0.14	0.16	3172
affinity_histogram	Lab	training	8	0.16	0.18	2302
affinity_histogram	Lab	training	9	0.18	0.2	1727
affinity_histogram	Lab	training	10	0.2	0.22	1151
affinity_histogram	Lab	training	11	0.22	0.24	1007
affinity_histogram	Lab	training	12	0.24	0.26	778
affinity_histogram	Lab	training	13	0.26	0.28	571
affinity_histogram	Lab	training	14	0.28	0.3	484
affinity_histogram	Lab	training	15	0.3	0.32	348
affinity_histogram	Lab	training	16	0.32	0.34	322
affinity_histogram	Lab	training	17	0.34	0.36	218
affinity_histogram	Lab	training	18	0.36	0.38	187
affinity_histogram	Lab	training	19	0.38	0.4	159
affinity_histogram	Lab	training	20	0.4	0.42	116
affinity_histogram	Lab	training	21	0.42	0.44	108
affinity_histogram	Lab	training	22	0.44	0.46	81
affinity_histogram	Lab	training	23	0.46	0.48	78
affinity_histogram	Lab	training	24	0.48	0.5	58
affinity_histogram	Lab	training	25	0.5	0.52	58
affinity_histogram	Lab	training	26	0.52	0.54	51
affinity_histogram	Lab	training	27	0.54	0.56	33
affinity_histogram	Lab	training	28	0.56	0.58	34
affinity_histogram	Lab	training	29	0.58	0.6	15
affinity_histogram	Lab	training	30	0.6	0.62	23
affinity_histogram	Lab	training	31	0.62	0.64	21
affinity_histogram	Lab	training	32	0.64	0.66	11
affinity_histogram	Lab	training	33	0.66	0.68	14
affinity_histogram	Lab	training	34	0.68	0.7	4
affinity_histogram	Lab	training	35	0.7	0.72	8
affinity_histogram	Lab	training	36	0.72	0.74	5
affinity_histogram	Lab	training	37	0.74	0.76	7
affinity_histogram	Lab	training	38	0.76	0.78	4
affinity_histogram	Lab	training	39	0.78	0.8	8
affinity_histogram	Lab	training	40	0.8	0.82	2
affinity_histogram	Lab	training	41	0.82	0.84	5
affinity_histogram	Lab	training	42	0.84	0.86	0
affinity_histogram	Lab	training	43	0.86	0.88	0
affinity_histogram	Lab	training	44	0.88	0.9	1
affinity_histogram	Lab	training	45	0.9	0.92	2
affinity_histogram	Lab	training	46	0.92	0.94	0
affinity_histogram	Lab	training	47	0.94	0.96	1
affinity_histogram	Lab	training	48	0.96	0.98	0
affinity_histogram	Lab	training	49	0.98	1	2
affinity_histogram	Lab	validation	0	0	0.02	0
affinity_histogram	Lab	validation	1	0.02	0.04	0
affinity_histogram	Lab	validation	2	0.04	0.06	0
affinity_histogram	Lab	validation	3	0.06	0.08	40
affinity_histogram	Lab	validation	4	0.08	0.1	330
affinity_histogram	Lab	validation	5	0.1	0.12	651
affinity_histogram	Lab	validation	6	0.12	0.14	508
affinity_histogram	Lab	validation	7	0.14	0.16	403
affinity_histogram	Lab	validation	8	0.16	0.18	293
affinity_histogram	Lab	validation	9	0.18	0.2	194
affinity_histogram	Lab	validation	10	0.2	0.22	135
affinity_histogram	Lab	validation	11	0.22	0.24	112
affinity_histogram	Lab	validation	12	0.24	0.26	91
affinity_histogram	Lab	validation	13	0.26	0.28	68
affinity_histogram	Lab	validation	14	0.28	0.3	58
affinity_histogram	Lab	validation	15	0.3	0.32	54
affinity_histogram	Lab	validation	16	0.32	0.34	49
affinity_histogram	Lab	validation	17	0.34	0.36	43
affinity_histogram	Lab	validation	18	0.36	0.38	36
affinity_histogram	Lab	validation	19	0.38	0.4	23
affinity_histogram	Lab	validation	20	0.4	0.42	27
affinity_histogram	Lab	validation	21	0.42	0.44	17
affinity_histogram	Lab	validation	22	0.44	0.46	27
affinity_histogram	Lab	validation	23	0.46	0.48	10
affinity_histogram	Lab	validation	24	0.48	0.5	8
affinity_histogram	Lab	validation	25	0.5	0.52	8
affinity_histogram	Lab	validation	26	0.52	0.54	8
affinity_histogram	Lab	validation	27	0.54	0.56	14
affinity_histogram	Lab	validation	28	0.56	0.58	4
affinity_histogram	Lab	validation	29	0.58	0.6	8
affinity_histogram	Lab	validation	30	0.6	0.62	7
affinity_histogram	Lab	validation	31	0.62	0.64	5
affinity_histogram	Lab	validation	32	0.64	0.66	3
affinity_histogram	Lab	validation	33	0.66	0.68	9
affinity_histogram	Lab	validation	34	0.68	0.7	4
affinity_histogram	Lab	validation	35	0.7	0.72	4
affinity_histogram	Lab	validation	36	0.72	0.74	2
affinity_histogram	Lab	validation	37	0.74	0.76	1
affinity_histogram	Lab	validation	38	0.76	0.78	0
affinity_histogram	Lab	validation	39	0.78	0.8	0
affinity_histogram	Lab	validation	40	0.8	0.82	2
affinity_histogram	Lab	validation	41	0.82	0.84	0
affinity_histogram	Lab	validation	42	0.84	0.86	0
affinity_histogram	Lab	validation	43	0.86	0.88	1
affinity_histogram	Lab	validation	44	0.88	0.9	2
affinity_histogram	Lab	validation	45	0.9	0.92	1
affinity_histogram	Lab	validation	46	0.92	0.94	0
affinity_histogram	Lab	validation	47	0.94	0.96	0
affinity_histogram	Lab	validation	48	0.96	0.98	0
affinity_histogram	Lab	validation	49	0.98	1	0
affinity_histogram	Pb	training	0	0	0.02	0
affinity_histogram	Pb	training	1	0.02	0.04	0
affinity_histogram	Pb	training	2	0.04	0.06	0
affinity_histogram	Pb	training	3	0.06	0.08	0
affinity_histogram	Pb	training	4	0.08	0.1	0
affinity_histogram	Pb	training	5	0.1	0.12	0
affinity_histogram	Pb	training	6	0.12	0.14	16
affinity_histogram	Pb	training	7	0.14	0.16	254
affinity_histogram	Pb	training	8	0.16	0.18	2037
affinity_histogram	Pb	training	9	0.18	0.2	7010
affinity_histogram	Pb	training	10	0.2	0.22	14646
affinity_histogram	Pb	training	11	0.22	0.24	22800
affinity_histogram	Pb	training	12	0.24	0.26	27916
affinity_histogram	Pb	training	13	0.26	0.28	26637
affinity_histogram	Pb	training	14	0.28	0.3	22561
affinity_histogram	Pb	training	15	0.3	0.32	17261
affinity_histogram	Pb	training	16	0.32	0.34	12878
affinity_histogram	Pb	training	17	0.34	0.36	9268
affinity_histogram	Pb	training	18	0.36	0.38	6332
affinity_histogram	Pb	training	19	0.38	0.4	4317
affinity_histogram	Pb	training	20	0.4	0.42	2816
affinity_histogram	Pb	training	21	0.42	0.44	1930
affinity_histogram	Pb	training	22	0.44	0.46	1207
affinity_histogram	Pb	training	23	0.46	0.48	850
affinity_histogram	Pb	training	24	0.48	0.5	571
affinity_histogram	Pb	training	25	0.5	0.52	355
affinity_histogram	Pb	training	26	0.52	0.54	254
affinity_histogram	Pb	training	27	0.54	0.56	160
affinity_histogram	Pb	training	28	0.56	0.58	108
affinity_histogram	Pb	training	29	0.58	0.6	70
affinity_histogram	Pb	training	30	0.6	0.62	45
affinity_histogram	Pb	training	31	0.62	0.64	28
affinity_histogram	Pb	training	32	0.64	0.66	21
affinity_histogram	Pb	training	33	0.66	0.68	13
affinity_histogram	Pb	training	34	0.68	0.7	9
affinity_histogram	Pb	training	35	0.7	0.72	9
affinity_histogram	Pb	training	36	0.72	0.74	8
affinity_histogram	Pb	training	37	0.74	0.76	6
affinity_histogram	Pb	training	38	0.76	0.78	6
affinity_histogram	Pb	training	39	0.78	0.8	6
affinity_histogram	Pb	training	40	0.8	0.82	7
affinity_histogram	Pb	training	41	0.82	0.84	2
affinity_histogram	Pb	training	42	0.84	0.86	3
affinity_histogram	Pb	training	43	0.86	0.88	2
affinity_histogram	Pb	training	44	0.88	0.9	1
affinity_histogram	Pb	training	45	0.9	0.92	4
affinity_histogram	Pb	training	46	0.92	0.94	1
affinity_histogram	Pb	training	47	0.94	0.96	2
affinity_histogram	Pb	training	48	0.96	0.98	0
affinity_histogram	Pb	training	49	0.98	1	1
affinity_histogram	Pb	validation	0	0	0.02	0
affinity_histogram	Pb	validation	1	0.02	0.04	0
affinity_histogram	Pb	validation	2	0.04	0.06	0
affinity_histogram	Pb	validation	3	0.06	0.08	0
affinity_histogram	Pb	validation	4	0.08	0.1	0
affinity_histogram	Pb	validation	5	0.1	0.12	0
affinity_histogram	Pb	validation	6	0.12	0.14	1
affinity_histogram	Pb	validation	7	0.14	0.16	35
affinity_histogram	Pb	validation	8	0.16	0.18	249
affinity_histogram	Pb	validation	9	0.18	0.2	871
affinity_histogram	Pb	validation	10	0.2	0.22	1852
affinity_histogram	Pb	validation	11	0.22	0.24	2837
affinity_histogram	Pb	validation	12	0.24	0.26	3504
affinity_histogram	Pb	validation	13	0.26	0.28	3192
affinity_histogram	Pb	validation	14	0.28	0.3	2823
affinity_histogram	Pb	validation	15	0.3	0.32	2186
affinity_histogram	Pb	validation	16	0.32	0.34	1623
affinity_histogram	Pb	validation	17	0.34	0.36	1160
affinity_histogram	Pb	validation	18	0.36	0.38	796
affinity_histogram	Pb	validation	19	0.38	0.4	571
affinity_histogram	Pb	validation	20	0.4	0.42	367
affinity_histogram	Pb	validation	21	0.42	0.44	251
affinity_histogram	Pb	validation	22	0.44	0.46	149
affinity_histogram	Pb	validation	23	0.46	0.48	112
affinity_histogram	Pb	validation	24	0.48	0.5	59
affinity_histogram	Pb	validation	25	0.5	0.52	50
affinity_histogram	Pb	validation	26	0.52	0.54	28
affinity_histogram	Pb	validation	27	0.54	0.56	13
affinity_histogram	Pb	validation	28	0.56	0.58	10
affinity_histogram	Pb	validation	29	0.58	0.6	11
affinity_histogram	Pb	validation	30	0.6	0.62	11
affinity_histogram	Pb	validation	31	0.62	0.64	9
affinity_histogram	Pb	validation	32	0.64	0.66	7
affinity_histogram	Pb	validation	33	0.66	0.68	3
affinity_histogram	Pb	validation	34	0.68	0.7	2
affinity_histogram	Pb	validation	35	0.7	0.72	1
affinity_histogram	Pb	validation	36	0.72	0.74	2
affinity_histogram	Pb	validation	37	0.74	0.76	2
affinity_histogram	Pb	validation	38	0.76	0.78	1
affinity_histogram	Pb	validation	39	0.78	0.8	1
affinity_histogram	Pb	validation	40	0.8	0.82	0
affinity_histogram	Pb	validation	41	0.82	0.84	2
affinity_histogram	Pb	validation	42	0.84	0.86	2
affinity_histogram	Pb	validation	43	0.86	0.88	0
affinity_histogram	Pb	validation	44	0.88	0.9	0
affinity_histogram	Pb	validation	45	0.9	0.92	0
affinity_histogram	Pb	validation	46	0.92	0.94	0
affinity_histogram	Pb	validation	47	0.94	0.96	0
affinity_histogram	Pb	validation	48	0.96	0.98	0
affinity_histogram	Pb	validation	49	0.98	1	1
affinity_histogram	Scr	training	0	0	0.02	0
affinity_histogram	Scr	training	1	0.02	0.04	0
affinity_histogram	Scr	training	2	0.04	0.06	0
affinity_histogram	Scr	training	3	0.06	0.08	0
affinity_histogram	Scr	training	4	0.08	0.1	0
affinity_histogram	Scr	training	5	0.1	0.12	0
affinity_histogram	Scr	training	6	0.12	0.14	1
affinity_histogram	Scr	training	7	0.14	0.16	10
affinity_histogram	Scr	training	8	0.16	0.18	99
affinity_histogram	Scr	training	9	0.18	0.2	374
affinity_histogram	Scr	training	10	0.2	0.22	885
affinity_histogram	Scr	training	11	0.22	0.24	1612
affinity_histogram	Scr	training	12	0.24	0.26	2394
affinity_histogram	Scr	training	13	0.26	0.28	2816
affinity_histogram	Scr	training	14	0.28	0.3	2875
affinity_histogram	Scr	training	15	0.3	0.32	2585
affinity_histogram	Scr	training	16	0.32	0.34	2333
affinity_histogram	Scr	training	17	0.34	0.36	1945
affinity_histogram	Scr	training	18	0.36	0.38	1593
affinity_histogram	Scr	training	19	0.38	0.4	1272
affinity_histogram	Scr	training	20	0.4	0.42	1097
affinity_histogram	Scr	training	21	0.42	0.44	949
affinity_histogram	Scr	training	22	0.44	0.46	742
affinity_histogram	Scr	training	23	0.46	0.48	614
affinity_histogram	Scr	training	24	0.48	0.5	551
affinity_histogram	Scr	training	25	0.5	0.52	458
affinity_histogram	Scr	training	26	0.52	0.54	381
affinity_histogram	Scr	training	27	0.54	0.56	332
affinity_histogram	Scr	training	28	0.56	0.58	266
affinity_histogram	Scr	training	29	0.58	0.6	250
affinity_histogram	Scr	training	30	0.6	0.62	207
affinity_histogram	Scr	training	31	0.62	0.64	165
affinity_histogram	Scr	training	32	0.64	0.66	159
affinity_histogram	Scr	training	33	0.66	0.68	108
affinity_histogram	Scr	training	34	0.68	0.7	85
affinity_histogram	Scr	training	35	0.7	0.72	81
affinity_histogram	Scr	training	36	0.72	0.74	68
affinity_histogram	Scr	training	37	0.74	0.76	60
affinity_histogram	Scr	training	38	0.76	0.78	52
affinity_histogram	Scr	training	39	0.78	0.8	43
affinity_histogram	Scr	training	40	0.8	0.82	31
affinity_histogram	Scr	training	41	0.82	0.84	22
affinity_histogram	Scr	training	42	0.84	0.86	20
affinity_histogram	Scr	training	43	0.86	0.88	14
affinity_histogram	Scr	training	44	0.88	0.9	9
affinity_histogram	Scr	training	45	0.9	0.92	10
affinity_histogram	Scr	training	46	0.92	0.94	7
affinity_histogram	Scr	training	47	0.94	0.96	5
affinity_histogram	Scr	training	48	0.96	0.98	4
affinity_histogram	Scr	training	49	0.98	1	4
affinity_histogram	Scr	validation	0	0	0.02	0
affinity_histogram	Scr	validation	1	0.02	0.04	0
affinity_histogram	Scr	validation	2	0.04	0.06	0
affinity_histogram	Scr	validation	3	0.06	0.08	0
affinity_histogram	Scr	validation	4	0.08	0.1	0
affinity_histogram	Scr	validation	5	0.1	0.12	0
affinity_histogram	Scr	validation	6	0.12	0.14	0
affinity_histogram	Scr	validation	7	0.14	0.16	1
affinity_histogram	Scr	validation	8	0.16	0.18	11
affinity_histogram	Scr	validation	9	0.18	0.2	63
affinity_histogram	Scr	validation	10	0.2	0.22	112
affinity_histogram	Scr	validation	11	0.22	0.24	179
affinity_histogram	Scr	validation	12	0.24	0.26	275
affinity_histogram	Scr	validation	13	0.26	0.28	314
affinity_histogram	Scr	validation	14	0.28	0.3	331
affinity_histogram	Scr	validation	15	0.3	0.32	343
affinity_histogram	Scr	validation	16	0.32	0.34	282
affinity_histogram	Scr	validation	17	0.34	0.36	230
affinity_histogram	Scr	validation	18	0.36	0.38	218
affinity_histogram	Scr	validation	19	0.38	0.4	171
affinity_histogram	Scr	validation	20	0.4	0.42	146
affinity_histogram	Scr	validation	21	0.42	0.44	110
affinity_histogram	Scr	validation	22	0.44	0.46	99
affinity_histogram	Scr	validation	23	0.46	0.48	83
affinity_histogram	Scr	validation	24	0.48	0.5	70
affinity_histogram	Scr	validation	25	0.5	0.52	80
affinity_histogram	Scr	validation	26	0.52	0.54	39
affinity_histogram	Scr	validation	27	0.54	0.56	41
affinity_histogram	Scr	validation	28	0.56	0.58	45
affinity_histogram	Scr	validation	29	0.58	0.6	38
affinity_histogram	Scr	validation	30	0.6	0.62	25
affinity_histogram	Scr	validation	31	0.62	0.64	26
affinity_histogram	Scr	validation	32	0.64	0.66	21
affinity_histogram	Scr	validation	33	0.66	0.68	14
affinity_histogram	Scr	validation	34	0.68	0.7	16
affinity_histogram	Scr	validation	35	0.7	0.72	14
affinity_histogram	Scr	validation	36	0.72	0.74	5
affinity_histogram	Scr	validation	37	0.74	0.76	6
affinity_histogram	Scr	validation	38	0.76	0.78	7
affinity_histogram	Scr	validation	39	0.78	0.8	8
affinity_histogram	Scr	validation	40	0.8	0.82	8
affinity_histogram	Scr	validation	41	0.82	0.84	5
affinity_histogram	Scr	validation	42	0.84	0.86	4
affinity_histogram	Scr	validation	43	0.86	0.88	2
affinity_histogram	Scr	validation	44	0.88	0.9	3
affinity_histogram	Scr	validation	45	0.9	0.92	1
affinity_histogram	Scr	validation	46	0.92	0.94	1
affinity_histogram	Scr	validation	47	0.94	0.96	0
affinity_histogram	Scr	validation	48	0.96	0.98	1
affinity_histogram	Scr	validation	49	0.98	1	2
affinity_histogram	Ubx	training	0	0	0.02	0
affinity_histogram	Ubx	training	1	0.02	0.04	0
affinity_histogram	Ubx	training	2	0.04	0.06	0
affinity_histogram	Ubx	training	3	0.06	0.08	0
affinity_histogram	Ubx	training	4	0.08	0.1	1
affinity_histogram	Ubx	training	5	0.1	0.12	62
affinity_histogram	Ubx	training	6	0.12	0.14	651
affinity_histogram	Ubx	training	7	0.14	0.16	2085
affinity_histogram	Ubx	training	8	0.16	0.18	3979
affinity_histogram	Ubx	training	9	0.18	0.2	4697
affinity_histogram	Ubx	training	10	0.2	0.22	4194
affinity_histogram	Ubx	training	11	0.22	0.24	3547
affinity_histogram	Ubx	training	12	0.24	0.26	2714
affinity_histogram	Ubx	training	13	0.26	0.28	2154
affinity_histogram	Ubx	training	14	0.28	0.3	1660
affinity_histogram	Ubx	training	15	0.3	0.32	1470
affinity_histogram	Ubx	training	16	0.32	0.34	1192
affinity_histogram	Ubx	training	17	0.34	0.36	1031
affinity_histogram	Ubx	training	18	0.36	0.38	697
affinity_histogram	Ubx	training	19	0.38	0.4	548
affinity_histogram	Ubx	training	20	0.4	0.42	426
affinity_histogram	Ubx	training	21	0.42	0.44	431
affinity_histogram	Ubx	training	22	0.44	0.46	375
affinity_histogram	Ubx	training	23	0.46	0.48	352
affinity_histogram	Ubx	training	24	0.48	0.5	281
affinity_histogram	Ubx	training	25	0.5	0.52	259
affinity_histogram	Ubx	training	26	0.52	0.54	200
affinity_histogram	Ubx	training	27	0.54	0.56	170
affinity_histogram	Ubx	training	28	0.56	0.58	128
affinity_histogram	Ubx	training	29	0.58	0.6	124
affinity_histogram	Ubx	training	30	0.6	0.62	98
affinity_histogram	Ubx	training	31	0.62	0.64	99
affinity_histogram	Ubx	training	32	0.64	0.66	65
affinity_histogram	Ubx	training	33	0.66	0.68	59
affinity_histogram	Ubx	training	34	0.68	0.7	51
affinity_histogram	Ubx	training	35	0.7	0.72	48
affinity_histogram	Ubx	training	36	0.72	0.74	31
affinity_histogram	Ubx	training	37	0.74	0.76	24
affinity_histogram	Ubx	training	38	0.76	0.78	19
affinity_histogram	Ubx	training	39	0.78	0.8	5
affinity_histogram	Ubx	training	40	0.8	0.82	19
affinity_histogram	Ubx	training	41	0.82	0.84	9
affinity_histogram	Ubx	training	42	0.84	0.86	4
affinity_histogram	Ubx	training	43	0.86	0.88	6
affinity_histogram	Ubx	training	44	0.88	0.9	2
affinity_histogram	Ubx	training	45	0.9	0.92	0
affinity_histogram	Ubx	training	46	0.92	0.94	1
affinity_histogram	Ubx	training	47	0.94	0.96	2
affinity_histogram	Ubx	training	48	0.96	0.98	0
affinity_histogram	Ubx	training	49	0.98	1	1
affinity_histogram	Ubx	validation	0	0	0.02	0
affinity_histogram	Ubx	validation	1	0.02	0.04	0
affinity_histogram	Ubx	validation	2	0.04	0.06	0
affinity_histogram	Ubx	validation	3	0.06	0.08	0
affinity_histogram	Ubx	validation	4	0.08	0.1	0
affinity_histogram	Ubx	validation	5	0.1	0.12	8
affinity_histogram	Ubx	validation	6	0.12	0.14	79
affinity_histogram	Ubx	validation	7	0.14	0.16	281
affinity_histogram	Ubx	validation	8	0.16	0.18	519
affinity_histogram	Ubx	validation	9	0.18	0.2	534
affinity_histogram	Ubx	validation	10	0.2	0.22	546
affinity_histogram	Ubx	validation	11	0.22	0.24	437
affinity_histogram	Ubx	validation	12	0.24	0.26	332
affinity_histogram	Ubx	validation	13	0.26	0.28	252
affinity_histogram	Ubx	validation	14	0.28	0.3	232
affinity_histogram	Ubx	validation	15	0.3	0.32	193
affinity_histogram	Ubx	validation	16	0.32	0.34	130
affinity_histogram	Ubx	validation	17	0.34	0.36	141
affinity_histogram	Ubx	validation	18	0.36	0.38	94
affinity_histogram	Ubx	validation	19	0.38	0.4	77
affinity_histogram	Ubx	validation	20	0.4	0.42	63
affinity_histogram	Ubx	validation	21	0.42	0.44	47
affinity_histogram	Ubx	validation	22	0.44	0.46	48
affinity_histogram	Ubx	validation	23	0.46	0.48	43
affinity_histogram	Ubx	validation	24	0.48	0.5	37
affinity_histogram	Ubx	validation	25	0.5	0.52	22
affinity_histogram	Ubx	validation	26	0.52	0.54	26
affinity_histogram	Ubx	validation	27	0.54	0.56	18
affinity_histogram	Ubx	validation	28	0.56	0.58	14
affinity_histogram	Ubx	validation	29	0.58	0.6	10
affinity_histogram	Ubx	validation	30	0.6	0.62	6
affinity_histogram	Ubx	validation	31	0.62	0.64	13
affinity_histogram	Ubx	validation	32	0.64	0.66	13
affinity_histogram	Ubx	validation	33	0.66	0.68	7
affinity_histogram	Ubx	validation	34	0.68	0.7	6
affinity_histogram	Ubx	validation	35	0.7	0.72	3
affinity_histogram	Ubx	validation	36	0.72	0.74	1
affinity_histogram	Ubx	validation	37	0.74	0.76	1
affinity_histogram	Ubx	validation	38	0.76	0.78	3
affinity_histogram	Ubx	validation	39	0.78	0.8	2
affinity_histogram	Ubx	validation	40	0.8	0.82	2
affinity_histogram	Ubx	validation	41	0.82	0.84	3
affinity_histogram	Ubx	validation	42	0.84	0.86	1
affinity_histogram	Ubx	validation	43	0.86	0.88	0
affinity_histogram	Ubx	validation	44	0.88	0.9	1
affinity_histogram	Ubx	validation	45	0.9	0.92	2
affinity_histogram	Ubx	validation	46	0.92	0.94	0
affinity_histogram	Ubx	validation	47	0.94	0.96	1
affinity_histogram	Ubx	validation	48	0.96	0.98	1
affinity_histogram	Ubx	validation	49	0.98	1	1
test_count	AbdA	test				2503
test_count	AbdB	test				4144
test_count	Antp	test				3077
test_count	Dfd	test				2661
test_count	Lab	test				3250
test_count	Pb	test				22806
test_count	Scr	test				3450
test_count	Ubx	test				4250
