transcription_factor	split	bin_index	bin_left	bin_right	logical_example_count
AbdA	training	0	0	0.02	0
AbdA	training	1	0.02	0.04	0
AbdA	training	2	0.04	0.06	0
AbdA	training	3	0.06	0.08	0
AbdA	training	4	0.08	0.1	4
AbdA	training	5	0.1	0.12	190
AbdA	training	6	0.12	0.14	1252
AbdA	training	7	0.14	0.16	2842
AbdA	training	8	0.16	0.18	3265
AbdA	training	9	0.18	0.2	2748
AbdA	training	10	0.2	0.22	2200
AbdA	training	11	0.22	0.24	1580
AbdA	training	12	0.24	0.26	1285
AbdA	training	13	0.26	0.28	974
AbdA	training	14	0.28	0.3	677
AbdA	training	15	0.3	0.32	563
AbdA	training	16	0.32	0.34	453
AbdA	training	17	0.34	0.36	376
AbdA	training	18	0.36	0.38	288
AbdA	training	19	0.38	0.4	228
AbdA	training	20	0.4	0.42	176
AbdA	training	21	0.42	0.44	147
AbdA	training	22	0.44	0.46	147
AbdA	training	23	0.46	0.48	118
AbdA	training	24	0.48	0.5	101
AbdA	training	25	0.5	0.52	80
AbdA	training	26	0.52	0.54	52
AbdA	training	27	0.54	0.56	55
AbdA	training	28	0.56	0.58	50
AbdA	training	29	0.58	0.6	33
AbdA	training	30	0.6	0.62	29
AbdA	training	31	0.62	0.64	16
AbdA	training	32	0.64	0.66	27
AbdA	training	33	0.66	0.68	19
AbdA	training	34	0.68	0.7	25
AbdA	training	35	0.7	0.72	8
AbdA	training	36	0.72	0.74	15
AbdA	training	37	0.74	0.76	7
AbdA	training	38	0.76	0.78	4
AbdA	training	39	0.78	0.8	6
AbdA	training	40	0.8	0.82	3
AbdA	training	41	0.82	0.84	3
AbdA	training	42	0.84	0.86	0
AbdA	training	43	0.86	0.88	1
AbdA	training	44	0.88	0.9	1
AbdA	training	45	0.9	0.92	1
AbdA	training	46	0.92	0.94	0
AbdA	training	47	0.94	0.96	0
AbdA	training	48	0.96	0.98	0
AbdA	training	49	0.98	1	1
AbdA	validation	0	0	0.02	0
AbdA	validation	1	0.02	0.04	0
AbdA	validation	2	0.04	0.06	0
AbdA	validation	3	0.06	0.08	0
AbdA	validation	4	0.08	0.1	0
AbdA	validation	5	0.1	0.12	14
AbdA	validation	6	0.12	0.14	154
AbdA	validation	7	0.14	0.16	315
AbdA	validation	8	0.16	0.18	373
AbdA	validation	9	0.18	0.2	354
AbdA	validation	10	0.2	0.22	280
AbdA	validation	11	0.22	0.24	211
AbdA	validation	12	0.24	0.26	165
AbdA	validation	13	0.26	0.28	145
AbdA	validation	14	0.28	0.3	107
AbdA	validation	15	0.3	0.32	86
AbdA	validation	16	0.32	0.34	56
AbdA	validation	17	0.34	0.36	52
AbdA	validation	18	0.36	0.38	36
AbdA	validation	19	0.38	0.4	29
AbdA	validation	20	0.4	0.42	27
AbdA	validation	21	0.42	0.44	17
AbdA	validation	22	0.44	0.46	9
AbdA	validation	23	0.46	0.48	19
AbdA	validation	24	0.48	0.5	9
AbdA	validation	25	0.5	0.52	4
AbdA	validation	26	0.52	0.54	11
AbdA	validation	27	0.54	0.56	5
AbdA	validation	28	0.56	0.58	5
AbdA	validation	29	0.58	0.6	4
AbdA	validation	30	0.6	0.62	4
AbdA	validation	31	0.62	0.64	2
AbdA	validation	32	0.64	0.66	3
AbdA	validation	33	0.66	0.68	0
AbdA	validation	34	0.68	0.7	3
AbdA	validation	35	0.7	0.72	0
AbdA	validation	36	0.72	0.74	0
AbdA	validation	37	0.74	0.76	1
AbdA	validation	38	0.76	0.78	2
AbdA	validation	39	0.78	0.8	1
AbdA	validation	40	0.8	0.82	1
AbdA	validation	41	0.82	0.84	1
AbdA	validation	42	0.84	0.86	0
AbdA	validation	43	0.86	0.88	0
AbdA	validation	44	0.88	0.9	0
AbdA	validation	45	0.9	0.92	1
AbdA	validation	46	0.92	0.94	2
AbdA	validation	47	0.94	0.96	0
AbdA	validation	48	0.96	0.98	2
AbdA	validation	49	0.98	1	0
AbdB	training	0	0	0.02	0
AbdB	training	1	0.02	0.04	0
AbdB	training	2	0.04	0.06	0
AbdB	training	3	0.06	0.08	4
AbdB	training	4	0.08	0.1	214
AbdB	training	5	0.1	0.12	1238
AbdB	training	6	0.12	0.14	3108
AbdB	training	7	0.14	0.16	4613
AbdB	training	8	0.16	0.18	5187
AbdB	training	9	0.18	0.2	4838
AbdB	training	10	0.2	0.22	3697
AbdB	training	11	0.22	0.24	2563
AbdB	training	12	0.24	0.26	1742
AbdB	training	13	0.26	0.28	1255
AbdB	training	14	0.28	0.3	953
AbdB	training	15	0.3	0.32	727
AbdB	training	16	0.32	0.34	540
AbdB	training	17	0.34	0.36	444
AbdB	training	18	0.36	0.38	351
AbdB	training	19	0.38	0.4	299
AbdB	training	20	0.4	0.42	238
AbdB	training	21	0.42	0.44	210
AbdB	training	22	0.44	0.46	167
AbdB	training	23	0.46	0.48	125
AbdB	training	24	0.48	0.5	104
AbdB	training	25	0.5	0.52	88
AbdB	training	26	0.52	0.54	85
AbdB	training	27	0.54	0.56	67
AbdB	training	28	0.56	0.58	45
AbdB	training	29	0.58	0.6	55
AbdB	training	30	0.6	0.62	43
AbdB	training	31	0.62	0.64	38
AbdB	training	32	0.64	0.66	16
AbdB	training	33	0.66	0.68	19
AbdB	training	34	0.68	0.7	22
AbdB	training	35	0.7	0.72	23
AbdB	training	36	0.72	0.74	7
AbdB	training	37	0.74	0.76	12
AbdB	training	38	0.76	0.78	3
AbdB	training	39	0.78	0.8	11
AbdB	training	40	0.8	0.82	7
AbdB	training	41	0.82	0.84	2
AbdB	training	42	0.84	0.86	3
AbdB	training	43	0.86	0.88	2
AbdB	training	44	0.88	0.9	0
AbdB	training	45	0.9	0.92	2
AbdB	training	46	0.92	0.94	0
AbdB	training	47	0.94	0.96	2
AbdB	training	48	0.96	0.98	1
AbdB	training	49	0.98	1	0
AbdB	validation	0	0	0.02	0
AbdB	validation	1	0.02	0.04	0
AbdB	validation	2	0.04	0.06	0
AbdB	validation	3	0.06	0.08	2
AbdB	validation	4	0.08	0.1	19
AbdB	validation	5	0.1	0.12	134
AbdB	validation	6	0.12	0.14	332
AbdB	validation	7	0.14	0.16	571
AbdB	validation	8	0.16	0.18	658
AbdB	validation	9	0.18	0.2	602
AbdB	validation	10	0.2	0.22	478
AbdB	validation	11	0.22	0.24	343
AbdB	validation	12	0.24	0.26	248
AbdB	validation	13	0.26	0.28	158
AbdB	validation	14	0.28	0.3	130
AbdB	validation	15	0.3	0.32	106
AbdB	validation	16	0.32	0.34	58
AbdB	validation	17	0.34	0.36	63
AbdB	validation	18	0.36	0.38	51
AbdB	validation	19	0.38	0.4	31
AbdB	validation	20	0.4	0.42	34
AbdB	validation	21	0.42	0.44	27
AbdB	validation	22	0.44	0.46	20
AbdB	validation	23	0.46	0.48	10
AbdB	validation	24	0.48	0.5	12
AbdB	validation	25	0.5	0.52	8
AbdB	validation	26	0.52	0.54	9
AbdB	validation	27	0.54	0.56	7
AbdB	validation	28	0.56	0.58	7
AbdB	validation	29	0.58	0.6	3
AbdB	validation	30	0.6	0.62	4
AbdB	validation	31	0.62	0.64	3
AbdB	validation	32	0.64	0.66	2
AbdB	validation	33	0.66	0.68	2
AbdB	validation	34	0.68	0.7	1
AbdB	validation	35	0.7	0.72	2
AbdB	validation	36	0.72	0.74	1
AbdB	validation	37	0.74	0.76	1
AbdB	validation	38	0.76	0.78	0
AbdB	validation	39	0.78	0.8	0
AbdB	validation	40	0.8	0.82	3
AbdB	validation	41	0.82	0.84	0
AbdB	validation	42	0.84	0.86	3
AbdB	validation	43	0.86	0.88	2
AbdB	validation	44	0.88	0.9	1
AbdB	validation	45	0.9	0.92	1
AbdB	validation	46	0.92	0.94	0
AbdB	validation	47	0.94	0.96	1
AbdB	validation	48	0.96	0.98	0
AbdB	validation	49	0.98	1	1
Antp	training	0	0	0.02	0
Antp	training	1	0.02	0.04	0
Antp	training	2	0.04	0.06	0
Antp	training	3	0.06	0.08	9
Antp	training	4	0.08	0.1	474
Antp	training	5	0.1	0.12	2352
Antp	training	6	0.12	0.14	4033
Antp	training	7	0.14	0.16	4540
Antp	training	8	0.16	0.18	3928
Antp	training	9	0.18	0.2	2795
Antp	training	10	0.2	0.22	1740
Antp	training	11	0.22	0.24	1207
Antp	training	12	0.24	0.26	903
Antp	training	13	0.26	0.28	579
Antp	training	14	0.28	0.3	435
Antp	training	15	0.3	0.32	333
Antp	training	16	0.32	0.34	257
Antp	training	17	0.34	0.36	206
Antp	training	18	0.36	0.38	167
Antp	training	19	0.38	0.4	121
Antp	training	20	0.4	0.42	108
Antp	training	21	0.42	0.44	77
Antp	training	22	0.44	0.46	70
Antp	training	23	0.46	0.48	45
Antp	training	24	0.48	0.5	48
Antp	training	25	0.5	0.52	35
Antp	training	26	0.52	0.54	32
Antp	training	27	0.54	0.56	15
Antp	training	28	0.56	0.58	24
Antp	training	29	0.58	0.6	8
Antp	training	30	0.6	0.62	23
Antp	training	31	0.62	0.64	7
Antp	training	32	0.64	0.66	6
Antp	training	33	0.66	0.68	4
Antp	training	34	0.68	0.7	6
Antp	training	35	0.7	0.72	2
Antp	training	36	0.72	0.74	5
Antp	training	37	0.74	0.76	5
Antp	training	38	0.76	0.78	3
Antp	training	39	0.78	0.8	2
Antp	training	40	0.8	0.82	0
Antp	training	41	0.82	0.84	2
Antp	training	42	0.84	0.86	1
Antp	training	43	0.86	0.88	0
Antp	training	44	0.88	0.9	0
Antp	training	45	0.9	0.92	0
Antp	training	46	0.92	0.94	1
Antp	training	47	0.94	0.96	1
Antp	training	48	0.96	0.98	0
Antp	training	49	0.98	1	1
Antp	validation	0	0	0.02	0
Antp	validation	1	0.02	0.04	0
Antp	validation	2	0.04	0.06	0
Antp	validation	3	0.06	0.08	0
Antp	validation	4	0.08	0.1	44
Antp	validation	5	0.1	0.12	270
Antp	validation	6	0.12	0.14	464
Antp	validation	7	0.14	0.16	526
Antp	validation	8	0.16	0.18	510
Antp	validation	9	0.18	0.2	383
Antp	validation	10	0.2	0.22	238
Antp	validation	11	0.22	0.24	163
Antp	validation	12	0.24	0.26	127
Antp	validation	13	0.26	0.28	81
Antp	validation	14	0.28	0.3	66
Antp	validation	15	0.3	0.32	56
Antp	validation	16	0.32	0.34	27
Antp	validation	17	0.34	0.36	29
Antp	validation	18	0.36	0.38	25
Antp	validation	19	0.38	0.4	16
Antp	validation	20	0.4	0.42	9
Antp	validation	21	0.42	0.44	10
Antp	validation	22	0.44	0.46	5
Antp	validation	23	0.46	0.48	5
Antp	validation	24	0.48	0.5	3
Antp	validation	25	0.5	0.52	1
Antp	validation	26	0.52	0.54	2
Antp	validation	27	0.54	0.56	2
Antp	validation	28	0.56	0.58	4
Antp	validation	29	0.58	0.6	2
Antp	validation	30	0.6	0.62	0
Antp	validation	31	0.62	0.64	1
Antp	validation	32	0.64	0.66	0
Antp	validation	33	0.66	0.68	0
Antp	validation	34	0.68	0.7	2
Antp	validation	35	0.7	0.72	1
Antp	validation	36	0.72	0.74	1
Antp	validation	37	0.74	0.76	1
Antp	validation	38	0.76	0.78	0
Antp	validation	39	0.78	0.8	0
Antp	validation	40	0.8	0.82	1
Antp	validation	41	0.82	0.84	0
Antp	validation	42	0.84	0.86	1
Antp	validation	43	0.86	0.88	1
Antp	validation	44	0.88	0.9	2
Antp	validation	45	0.9	0.92	0
Antp	validation	46	0.92	0.94	0
Antp	validation	47	0.94	0.96	1
Antp	validation	48	0.96	0.98	0
Antp	validation	49	0.98	1	0
Dfd	training	0	0	0.02	0
Dfd	training	1	0.02	0.04	0
Dfd	training	2	0.04	0.06	0
Dfd	training	3	0.06	0.08	8
Dfd	training	4	0.08	0.1	444
Dfd	training	5	0.1	0.12	2531
Dfd	training	6	0.12	0.14	4251
Dfd	training	7	0.14	0.16	3886
Dfd	training	8	0.16	0.18	2728
Dfd	training	9	0.18	0.2	1977
Dfd	training	10	0.2	0.22	1286
Dfd	training	11	0.22	0.24	865
Dfd	training	12	0.24	0.26	686
Dfd	training	13	0.26	0.28	497
Dfd	training	14	0.28	0.3	383
Dfd	training	15	0.3	0.32	326
Dfd	training	16	0.32	0.34	292
Dfd	training	17	0.34	0.36	209
Dfd	training	18	0.36	0.38	174
Dfd	training	19	0.38	0.4	141
Dfd	training	20	0.4	0.42	103
Dfd	training	21	0.42	0.44	76
Dfd	training	22	0.44	0.46	87
Dfd	training	23	0.46	0.48	64
Dfd	training	24	0.48	0.5	35
Dfd	training	25	0.5	0.52	40
Dfd	training	26	0.52	0.54	35
Dfd	training	27	0.54	0.56	36
Dfd	training	28	0.56	0.58	32
Dfd	training	29	0.58	0.6	18
Dfd	training	30	0.6	0.62	14
Dfd	training	31	0.62	0.64	18
Dfd	training	32	0.64	0.66	6
Dfd	training	33	0.66	0.68	14
Dfd	training	34	0.68	0.7	8
Dfd	training	35	0.7	0.72	7
Dfd	training	36	0.72	0.74	6
Dfd	training	37	0.74	0.76	3
Dfd	training	38	0.76	0.78	4
Dfd	training	39	0.78	0.8	3
Dfd	training	40	0.8	0.82	6
Dfd	training	41	0.82	0.84	2
Dfd	training	42	0.84	0.86	3
Dfd	training	43	0.86	0.88	0
Dfd	training	44	0.88	0.9	1
Dfd	training	45	0.9	0.92	3
Dfd	training	46	0.92	0.94	0
Dfd	training	47	0.94	0.96	1
Dfd	training	48	0.96	0.98	1
Dfd	training	49	0.98	1	1
Dfd	validation	0	0	0.02	0
Dfd	validation	1	0.02	0.04	0
Dfd	validation	2	0.04	0.06	0
Dfd	validation	3	0.06	0.08	0
Dfd	validation	4	0.08	0.1	56
Dfd	validation	5	0.1	0.12	285
Dfd	validation	6	0.12	0.14	522
Dfd	validation	7	0.14	0.16	450
Dfd	validation	8	0.16	0.18	354
Dfd	validation	9	0.18	0.2	241
Dfd	validation	10	0.2	0.22	191
Dfd	validation	11	0.22	0.24	128
Dfd	validation	12	0.24	0.26	87
Dfd	validation	13	0.26	0.28	62
Dfd	validation	14	0.28	0.3	46
Dfd	validation	15	0.3	0.32	48
Dfd	validation	16	0.32	0.34	41
Dfd	validation	17	0.34	0.36	37
Dfd	validation	18	0.36	0.38	25
Dfd	validation	19	0.38	0.4	20
Dfd	validation	20	0.4	0.42	13
Dfd	validation	21	0.42	0.44	8
Dfd	validation	22	0.44	0.46	8
Dfd	validation	23	0.46	0.48	8
Dfd	validation	24	0.48	0.5	3
Dfd	validation	25	0.5	0.52	5
Dfd	validation	26	0.52	0.54	6
Dfd	validation	27	0.54	0.56	2
Dfd	validation	28	0.56	0.58	2
Dfd	validation	29	0.58	0.6	4
Dfd	validation	30	0.6	0.62	4
Dfd	validation	31	0.62	0.64	2
Dfd	validation	32	0.64	0.66	2
Dfd	validation	33	0.66	0.68	2
Dfd	validation	34	0.68	0.7	1
Dfd	validation	35	0.7	0.72	0
Dfd	validation	36	0.72	0.74	2
Dfd	validation	37	0.74	0.76	2
Dfd	validation	38	0.76	0.78	0
Dfd	validation	39	0.78	0.8	0
Dfd	validation	40	0.8	0.82	2
Dfd	validation	41	0.82	0.84	0
Dfd	validation	42	0.84	0.86	0
Dfd	validation	43	0.86	0.88	1
Dfd	validation	44	0.88	0.9	0
Dfd	validation	45	0.9	0.92	0
Dfd	validation	46	0.92	0.94	0
Dfd	validation	47	0.94	0.96	0
Dfd	validation	48	0.96	0.98	0
Dfd	validation	49	0.98	1	0
Lab	training	0	0	0.02	0
Lab	training	1	0.02	0.04	0
Lab	training	2	0.04	0.06	1
Lab	training	3	0.06	0.08	365
Lab	training	4	0.08	0.1	2867
Lab	training	5	0.1	0.12	5257
Lab	training	6	0.12	0.14	4383
Lab	training	7	0.14	0.16	3172
Lab	training	8	0.16	0.18	2302
Lab	training	9	0.18	0.2	1727
Lab	training	10	0.2	0.22	1151
Lab	training	11	0.22	0.24	1007
Lab	training	12	0.24	0.26	778
Lab	training	13	0.26	0.28	571
Lab	training	14	0.28	0.3	484
Lab	training	15	0.3	0.32	348
Lab	training	16	0.32	0.34	322
Lab	training	17	0.34	0.36	218
Lab	training	18	0.36	0.38	187
Lab	training	19	0.38	0.4	159
Lab	training	20	0.4	0.42	116
Lab	training	21	0.42	0.44	108
Lab	training	22	0.44	0.46	81
Lab	training	23	0.46	0.48	78
Lab	training	24	0.48	0.5	58
Lab	training	25	0.5	0.52	58
Lab	training	26	0.52	0.54	51
Lab	training	27	0.54	0.56	33
Lab	training	28	0.56	0.58	34
Lab	training	29	0.58	0.6	15
Lab	training	30	0.6	0.62	23
Lab	training	31	0.62	0.64	21
Lab	training	32	0.64	0.66	11
Lab	training	33	0.66	0.68	14
Lab	training	34	0.68	0.7	4
Lab	training	35	0.7	0.72	8
Lab	training	36	0.72	0.74	5
Lab	training	37	0.74	0.76	7
Lab	training	38	0.76	0.78	4
Lab	training	39	0.78	0.8	8
Lab	training	40	0.8	0.82	2
Lab	training	41	0.82	0.84	5
Lab	training	42	0.84	0.86	0
Lab	training	43	0.86	0.88	0
Lab	training	44	0.88	0.9	1
Lab	training	45	0.9	0.92	2
Lab	training	46	0.92	0.94	0
Lab	training	47	0.94	0.96	1
Lab	training	48	0.96	0.98	0
Lab	training	49	0.98	1	2
Lab	validation	0	0	0.02	0
Lab	validation	1	0.02	0.04	0
Lab	validation	2	0.04	0.06	0
Lab	validation	3	0.06	0.08	40
Lab	validation	4	0.08	0.1	330
Lab	validation	5	0.1	0.12	651
Lab	validation	6	0.12	0.14	508
Lab	validation	7	0.14	0.16	403
Lab	validation	8	0.16	0.18	293
Lab	validation	9	0.18	0.2	194
Lab	validation	10	0.2	0.22	135
Lab	validation	11	0.22	0.24	112
Lab	validation	12	0.24	0.26	91
Lab	validation	13	0.26	0.28	68
Lab	validation	14	0.28	0.3	58
Lab	validation	15	0.3	0.32	54
Lab	validation	16	0.32	0.34	49
Lab	validation	17	0.34	0.36	43
Lab	validation	18	0.36	0.38	36
Lab	validation	19	0.38	0.4	23
Lab	validation	20	0.4	0.42	27
Lab	validation	21	0.42	0.44	17
Lab	validation	22	0.44	0.46	27
Lab	validation	23	0.46	0.48	10
Lab	validation	24	0.48	0.5	8
Lab	validation	25	0.5	0.52	8
Lab	validation	26	0.52	0.54	8
Lab	validation	27	0.54	0.56	14
Lab	validation	28	0.56	0.58	4
Lab	validation	29	0.58	0.6	8
Lab	validation	30	0.6	0.62	7
Lab	validation	31	0.62	0.64	5
Lab	validation	32	0.64	0.66	3
Lab	validation	33	0.66	0.68	9
Lab	validation	34	0.68	0.7	4
Lab	validation	35	0.7	0.72	4
Lab	validation	36	0.72	0.74	2
Lab	validation	37	0.74	0.76	1
Lab	validation	38	0.76	0.78	0
Lab	validation	39	0.78	0.8	0
Lab	validation	40	0.8	0.82	2
Lab	validation	41	0.82	0.84	0
Lab	validation	42	0.84	0.86	0
Lab	validation	43	0.86	0.88	1
Lab	validation	44	0.88	0.9	2
Lab	validation	45	0.9	0.92	1
Lab	validation	46	0.92	0.94	0
Lab	validation	47	0.94	0.96	0
Lab	validation	48	0.96	0.98	0
Lab	validation	49	0.98	1	0
Pb	training	0	0	0.02	0
Pb	training	1	0.02	0.04	0
Pb	training	2	0.04	0.06	0
Pb	training	3	0.06	0.08	0
Pb	training	4	0.08	0.1	0
Pb	training	5	0.1	0.12	0
Pb	training	6	0.12	0.14	16
Pb	training	7	0.14	0.16	254
Pb	training	8	0.16	0.18	2037
Pb	training	9	0.18	0.2	7010
Pb	training	10	0.2	0.22	14646
Pb	training	11	0.22	0.24	22800
Pb	training	12	0.24	0.26	27916
Pb	training	13	0.26	0.28	26637
Pb	training	14	0.28	0.3	22561
Pb	training	15	0.3	0.32	17261
Pb	training	16	0.32	0.34	12878
Pb	training	17	0.34	0.36	9268
Pb	training	18	0.36	0.38	6332
Pb	training	19	0.38	0.4	4317
Pb	training	20	0.4	0.42	2816
Pb	training	21	0.42	0.44	1930
Pb	training	22	0.44	0.46	1207
Pb	training	23	0.46	0.48	850
Pb	training	24	0.48	0.5	571
Pb	training	25	0.5	0.52	355
Pb	training	26	0.52	0.54	254
Pb	training	27	0.54	0.56	160
Pb	training	28	0.56	0.58	108
Pb	training	29	0.58	0.6	70
Pb	training	30	0.6	0.62	45
Pb	training	31	0.62	0.64	28
Pb	training	32	0.64	0.66	21
Pb	training	33	0.66	0.68	13
Pb	training	34	0.68	0.7	9
Pb	training	35	0.7	0.72	9
Pb	training	36	0.72	0.74	8
Pb	training	37	0.74	0.76	6
Pb	training	38	0.76	0.78	6
Pb	training	39	0.78	0.8	6
Pb	training	40	0.8	0.82	7
Pb	training	41	0.82	0.84	2
Pb	training	42	0.84	0.86	3
Pb	training	43	0.86	0.88	2
Pb	training	44	0.88	0.9	1
Pb	training	45	0.9	0.92	4
Pb	training	46	0.92	0.94	1
Pb	training	47	0.94	0.96	2
Pb	training	48	0.96	0.98	0
Pb	training	49	0.98	1	1
Pb	validation	0	0	0.02	0
Pb	validation	1	0.02	0.04	0
Pb	validation	2	0.04	0.06	0
Pb	validation	3	0.06	0.08	0
Pb	validation	4	0.08	0.1	0
Pb	validation	5	0.1	0.12	0
Pb	validation	6	0.12	0.14	1
Pb	validation	7	0.14	0.16	35
Pb	validation	8	0.16	0.18	249
Pb	validation	9	0.18	0.2	871
Pb	validation	10	0.2	0.22	1852
Pb	validation	11	0.22	0.24	2837
Pb	validation	12	0.24	0.26	3504
Pb	validation	13	0.26	0.28	3192
Pb	validation	14	0.28	0.3	2823
Pb	validation	15	0.3	0.32	2186
Pb	validation	16	0.32	0.34	1623
Pb	validation	17	0.34	0.36	1160
Pb	validation	18	0.36	0.38	796
Pb	validation	19	0.38	0.4	571
Pb	validation	20	0.4	0.42	367
Pb	validation	21	0.42	0.44	251
Pb	validation	22	0.44	0.46	149
Pb	validation	23	0.46	0.48	112
Pb	validation	24	0.48	0.5	59
Pb	validation	25	0.5	0.52	50
Pb	validation	26	0.52	0.54	28
Pb	validation	27	0.54	0.56	13
Pb	validation	28	0.56	0.58	10
Pb	validation	29	0.58	0.6	11
Pb	validation	30	0.6	0.62	11
Pb	validation	31	0.62	0.64	9
Pb	validation	32	0.64	0.66	7
Pb	validation	33	0.66	0.68	3
Pb	validation	34	0.68	0.7	2
Pb	validation	35	0.7	0.72	1
Pb	validation	36	0.72	0.74	2
Pb	validation	37	0.74	0.76	2
Pb	validation	38	0.76	0.78	1
Pb	validation	39	0.78	0.8	1
Pb	validation	40	0.8	0.82	0
Pb	validation	41	0.82	0.84	2
Pb	validation	42	0.84	0.86	2
Pb	validation	43	0.86	0.88	0
Pb	validation	44	0.88	0.9	0
Pb	validation	45	0.9	0.92	0
Pb	validation	46	0.92	0.94	0
Pb	validation	47	0.94	0.96	0
Pb	validation	48	0.96	0.98	0
Pb	validation	49	0.98	1	1
Scr	training	0	0	0.02	0
Scr	training	1	0.02	0.04	0
Scr	training	2	0.04	0.06	0
Scr	training	3	0.06	0.08	0
Scr	training	4	0.08	0.1	0
Scr	training	5	0.1	0.12	0
Scr	training	6	0.12	0.14	1
Scr	training	7	0.14	0.16	10
Scr	training	8	0.16	0.18	99
Scr	training	9	0.18	0.2	374
Scr	training	10	0.2	0.22	885
Scr	training	11	0.22	0.24	1612
Scr	training	12	0.24	0.26	2394
Scr	training	13	0.26	0.28	2816
Scr	training	14	0.28	0.3	2875
Scr	training	15	0.3	0.32	2585
Scr	training	16	0.32	0.34	2333
Scr	training	17	0.34	0.36	1945
Scr	training	18	0.36	0.38	1593
Scr	training	19	0.38	0.4	1272
Scr	training	20	0.4	0.42	1097
Scr	training	21	0.42	0.44	949
Scr	training	22	0.44	0.46	742
Scr	training	23	0.46	0.48	614
Scr	training	24	0.48	0.5	551
Scr	training	25	0.5	0.52	458
Scr	training	26	0.52	0.54	381
Scr	training	27	0.54	0.56	332
Scr	training	28	0.56	0.58	266
Scr	training	29	0.58	0.6	250
Scr	training	30	0.6	0.62	207
Scr	training	31	0.62	0.64	165
Scr	training	32	0.64	0.66	159
Scr	training	33	0.66	0.68	108
Scr	training	34	0.68	0.7	85
Scr	training	35	0.7	0.72	81
Scr	training	36	0.72	0.74	68
Scr	training	37	0.74	0.76	60
Scr	training	38	0.76	0.78	52
Scr	training	39	0.78	0.8	43
Scr	training	40	0.8	0.82	31
Scr	training	41	0.82	0.84	22
Scr	training	42	0.84	0.86	20
Scr	training	43	0.86	0.88	14
Scr	training	44	0.88	0.9	9
Scr	training	45	0.9	0.92	10
Scr	training	46	0.92	0.94	7
Scr	training	47	0.94	0.96	5
Scr	training	48	0.96	0.98	4
Scr	training	49	0.98	1	4
Scr	validation	0	0	0.02	0
Scr	validation	1	0.02	0.04	0
Scr	validation	2	0.04	0.06	0
Scr	validation	3	0.06	0.08	0
Scr	validation	4	0.08	0.1	0
Scr	validation	5	0.1	0.12	0
Scr	validation	6	0.12	0.14	0
Scr	validation	7	0.14	0.16	1
Scr	validation	8	0.16	0.18	11
Scr	validation	9	0.18	0.2	63
Scr	validation	10	0.2	0.22	112
Scr	validation	11	0.22	0.24	179
Scr	validation	12	0.24	0.26	275
Scr	validation	13	0.26	0.28	314
Scr	validation	14	0.28	0.3	331
Scr	validation	15	0.3	0.32	343
Scr	validation	16	0.32	0.34	282
Scr	validation	17	0.34	0.36	230
Scr	validation	18	0.36	0.38	218
Scr	validation	19	0.38	0.4	171
Scr	validation	20	0.4	0.42	146
Scr	validation	21	0.42	0.44	110
Scr	validation	22	0.44	0.46	99
Scr	validation	23	0.46	0.48	83
Scr	validation	24	0.48	0.5	70
Scr	validation	25	0.5	0.52	80
Scr	validation	26	0.52	0.54	39
Scr	validation	27	0.54	0.56	41
Scr	validation	28	0.56	0.58	45
Scr	validation	29	0.58	0.6	38
Scr	validation	30	0.6	0.62	25
Scr	validation	31	0.62	0.64	26
Scr	validation	32	0.64	0.66	21
Scr	validation	33	0.66	0.68	14
Scr	validation	34	0.68	0.7	16
Scr	validation	35	0.7	0.72	14
Scr	validation	36	0.72	0.74	5
Scr	validation	37	0.74	0.76	6
Scr	validation	38	0.76	0.78	7
Scr	validation	39	0.78	0.8	8
Scr	validation	40	0.8	0.82	8
Scr	validation	41	0.82	0.84	5
Scr	validation	42	0.84	0.86	4
Scr	validation	43	0.86	0.88	2
Scr	validation	44	0.88	0.9	3
Scr	validation	45	0.9	0.92	1
Scr	validation	46	0.92	0.94	1
Scr	validation	47	0.94	0.96	0
Scr	validation	48	0.96	0.98	1
Scr	validation	49	0.98	1	2
Ubx	training	0	0	0.02	0
Ubx	training	1	0.02	0.04	0
Ubx	training	2	0.04	0.06	0
Ubx	training	3	0.06	0.08	0
Ubx	training	4	0.08	0.1	1
Ubx	training	5	0.1	0.12	62
Ubx	training	6	0.12	0.14	651
Ubx	training	7	0.14	0.16	2085
Ubx	training	8	0.16	0.18	3979
Ubx	training	9	0.18	0.2	4697
Ubx	training	10	0.2	0.22	4194
Ubx	training	11	0.22	0.24	3547
Ubx	training	12	0.24	0.26	2714
Ubx	training	13	0.26	0.28	2154
Ubx	training	14	0.28	0.3	1660
Ubx	training	15	0.3	0.32	1470
Ubx	training	16	0.32	0.34	1192
Ubx	training	17	0.34	0.36	1031
Ubx	training	18	0.36	0.38	697
Ubx	training	19	0.38	0.4	548
Ubx	training	20	0.4	0.42	426
Ubx	training	21	0.42	0.44	431
Ubx	training	22	0.44	0.46	375
Ubx	training	23	0.46	0.48	352
Ubx	training	24	0.48	0.5	281
Ubx	training	25	0.5	0.52	259
Ubx	training	26	0.52	0.54	200
Ubx	training	27	0.54	0.56	170
Ubx	training	28	0.56	0.58	128
Ubx	training	29	0.58	0.6	124
Ubx	training	30	0.6	0.62	98
Ubx	training	31	0.62	0.64	99
Ubx	training	32	0.64	0.66	65
Ubx	training	33	0.66	0.68	59
Ubx	training	34	0.68	0.7	51
Ubx	training	35	0.7	0.72	48
Ubx	training	36	0.72	0.74	31
Ubx	training	37	0.74	0.76	24
Ubx	training	38	0.76	0.78	19
Ubx	training	39	0.78	0.8	5
Ubx	training	40	0.8	0.82	19
Ubx	training	41	0.82	0.84	9
Ubx	training	42	0.84	0.86	4
Ubx	training	43	0.86	0.88	6
Ubx	training	44	0.88	0.9	2
Ubx	training	45	0.9	0.92	0
Ubx	training	46	0.92	0.94	1
Ubx	training	47	0.94	0.96	2
Ubx	training	48	0.96	0.98	0
Ubx	training	49	0.98	1	1
Ubx	validation	0	0	0.02	0
Ubx	validation	1	0.02	0.04	0
Ubx	validation	2	0.04	0.06	0
Ubx	validation	3	0.06	0.08	0
Ubx	validation	4	0.08	0.1	0
Ubx	validation	5	0.1	0.12	8
Ubx	validation	6	0.12	0.14	79
Ubx	validation	7	0.14	0.16	281
Ubx	validation	8	0.16	0.18	519
Ubx	validation	9	0.18	0.2	534
Ubx	validation	10	0.2	0.22	546
Ubx	validation	11	0.22	0.24	437
Ubx	validation	12	0.24	0.26	332
Ubx	validation	13	0.26	0.28	252
Ubx	validation	14	0.28	0.3	232
Ubx	validation	15	0.3	0.32	193
Ubx	validation	16	0.32	0.34	130
Ubx	validation	17	0.34	0.36	141
Ubx	validation	18	0.36	0.38	94
Ubx	validation	19	0.38	0.4	77
Ubx	validation	20	0.4	0.42	63
Ubx	validation	21	0.42	0.44	47
Ubx	validation	22	0.44	0.46	48
Ubx	validation	23	0.46	0.48	43
Ubx	validation	24	0.48	0.5	37
Ubx	validation	25	0.5	0.52	22
Ubx	validation	26	0.52	0.54	26
Ubx	validation	27	0.54	0.56	18
Ubx	validation	28	0.56	0.58	14
Ubx	validation	29	0.58	0.6	10
Ubx	validation	30	0.6	0.62	6
Ubx	validation	31	0.62	0.64	13
Ubx	validation	32	0.64	0.66	13
Ubx	validation	33	0.66	0.68	7
Ubx	validation	34	0.68	0.7	6
Ubx	validation	35	0.7	0.72	3
Ubx	validation	36	0.72	0.74	1
Ubx	validation	37	0.74	0.76	1
Ubx	validation	38	0.76	0.78	3
Ubx	validation	39	0.78	0.8	2
Ubx	validation	40	0.8	0.82	2
Ubx	validation	41	0.82	0.84	3
Ubx	validation	42	0.84	0.86	1
Ubx	validation	43	0.86	0.88	0
Ubx	validation	44	0.88	0.9	1
Ubx	validation	45	0.9	0.92	2
Ubx	validation	46	0.92	0.94	0
Ubx	validation	47	0.94	0.96	1
Ubx	validation	48	0.96	0.98	1
Ubx	validation	49	0.98	1	1
