file,family,usable_rows,bad_rows,top_length,length_counts,score_min,score_max,third_col_present_rows,third_col_min,third_col_max
C2H2_BCL6B_TGCGGG20NGA_TTTCTAGGAA_10_3.txt,C2H2,16389,0,10,{10: 16389},0.284400354262454,1.0,16389,9.0,332.0
C2H2_Egr1_TGCGCC20NCG_GAGKGGGCGK_14_3.txt,C2H2,7576,0,14,{14: 7576},0.167320165935145,1.0,7576,9.0,399.0
C2H2_GLI2_TAAGTA40NTGA_GACCACNCT_13_3.txt,C2H2,10805,0,13,{13: 10805},0.128813371688907,1.0,10805,9.0,2238.0
C2H2_HINFP1_TCAAGG20NGAA_NNNSGTCCGC_12_3.txt,C2H2,1241,0,12,{12: 1241},0.251437284344093,1.0,1241,9.0,207.0
C2H2_Hic1_TCATCA20NCTA_RTGCCM_10_3.txt,C2H2,14845,0,10,{10: 14845},0.294320872620175,1.0,14845,9.0,349.0
C2H2_KLF16_TTGATT20NTA_CCMCGCCC_10_4.txt,C2H2,7244,0,10,{10: 7244},0.284961852628506,1.0,7244,9.0,1398.0
C2H2_SNAI2_TCGTTA20NGA_CAGGTG_10_5.txt,C2H2,1967,0,10,{10: 1967},0.315211636255485,1.0,1967,9.0,759.0
C2H2_SP1_TCTATG20NGA_GCCMCGCCCM_12_3.txt,C2H2,1124,0,12,{12: 1124},0.181339727976183,1.0,1124,9.0,500.0
C2H2_SP3_TCGGCC20NGA_GCCMCGCCCM_10_3.txt,C2H2,1013,0,10,{10: 1013},0.302877203968881,1.0,1013,9.0,89.0
C2H2_YY1_TCCGGC20NCG_CCGCCATT_12_4.txt,C2H2,2225,0,12,{12: 2225},0.285278540650419,1.0,2225,9.0,466.0
C2H2_YY2_TGAGCA20NGA_CCGCCATN_12_4.txt,C2H2,5531,0,12,{12: 5531},0.143040390293797,1.0,5531,9.0,3177.0
C2H2_ZBTB49_TCTAAT20NGA_TGACNNGC_10_3.txt,C2H2,8126,0,10,{10: 8126},0.288407881598619,1.0,8126,9.0,124.0
C2H2_ZBTB7A_TGAATA20NGA_CGACCACC_10_3.txt,C2H2,27442,0,10,{10: 27442},0.173901099411064,1.0,27442,9.0,1361.0
C2H2_ZBTB7B_TAGCCT20NCG_CGACCACC_14_3.txt,C2H2,1545,0,14,{14: 1545},0.20968889664337,1.0,1545,9.0,200.0
C2H2_ZIC1_TCGACT20NCAT_GACCMCCYRMTG_12_3.txt,C2H2,1362,0,12,{12: 1362},0.111786831078778,1.0,1362,9.0,1510.0
C2H2_ZIC4_TGAGGC20NGA_GACCCCCYGYTG_14_3.txt,C2H2,3645,0,14,{14: 3645},0.250509022331351,1.0,3645,9.0,116.0
C2H2_ZNF740_TGTGAG20NGA_CCCCCCCAC_9_3.txt,C2H2,2488,0,9,{9: 2488},0.276354578905945,1.0,2488,10.0,456.0
C2H2_ZNF784_TGCGGG20NGA_GTACCTACCT_10_3.txt,C2H2,20106,0,10,{10: 20106},0.189182705122086,1.0,20106,9.0,1117.0
C2H2_Zfp740_TCAACC20NCG_NCCCCCCCAC_10_4.txt,C2H2,4941,0,10,{10: 4941},0.219783826300628,1.0,4941,9.0,2390.0
CENPB_CENPB_TGCTGT20NGTC_TTCGYNNNANGCGGG_15_3.txt,CENPB,3966,0,15,{15: 3966},0.325235863600294,1.0,3966,9.0,131.0
CP2_GRHL1_TGGACA20NCAT_AACCGGTT_14_4.txt,CP2,1740,0,14,{14: 1740},0.180805796885958,1.0,1740,9.0,544.0
CUT_CUX1_TAGCAG40NACT_ATCRAT_12_5.txt,CUT,1549,0,12,{12: 1549},0.412072362580613,1.0,1549,9.0,419.0
CUT_ONECUT1_TAGCTC20NTCT_ATCRAT_14_3.txt,CUT,13536,0,14,{14: 13536},0.164033039939502,1.0,13536,9.0,755.0
CUT_ONECUT3_TAGAAC20NAAT_ATCRAT_12_3.txt,CUT,2034,0,12,{12: 2034},0.132900071138891,1.0,2034,9.0,1811.0
ETS_ELF1_TGGGTA20NGA_GGAA_10_3.txt,ETS,2141,0,10,{10: 2141},0.137471527195454,1.0,2141,9.0,331.0
ETS_ELF5_TGCCGC20NCG_GGAA_14_3.txt,ETS,17141,0,14,{14: 17141},0.111487281436797,1.0,17141,9.0,298.0
ETS_ELK1_TCGGAA20NAGT_GGAA_14_3.txt,ETS,8802,0,14,{14: 8802},0.170687926410016,1.0,8802,9.0,544.0
ETS_ELK3_TCGGGG20NGGT_GGAA_14_3.txt,ETS,6784,0,14,{14: 6784},0.183436320734598,1.0,6784,9.0,505.0
ETS_ELK4_TAGGGC40NGGT_GGAA_12_3.txt,ETS,5537,0,12,{12: 5537},0.176627369313256,1.0,5537,9.0,436.0
ETS_ERG_TGCAAG20NAAC_GGAW_14_4.txt,ETS,3557,0,14,{14: 3557},0.297794335743484,1.0,3557,9.0,247.0
ETS_ETS1_TGTAAA20NGA_GGAW_12_3.txt,ETS,1757,0,12,{12: 1757},0.261744999690846,1.0,1757,9.0,136.0
ETS_ETV1_TCGTTA20NTTT_GGAA_14_4.txt,ETS,5816,0,14,{14: 5816},0.250098451784703,1.0,5816,9.0,653.0
ETS_ETV4_TCTATG20NTAG_GGAA_14_4.txt,ETS,6989,0,14,{14: 6989},0.238682241825397,1.0,6989,9.0,881.0
ETS_ETV5_TGCACT20NGA_GGAW_12_3.txt,ETS,6851,0,12,{12: 6851},0.146586649142499,1.0,6851,9.0,236.0
ETS_ETV6_TGAGTG20NGA_GGAA_12_3.txt,ETS,4163,0,12,{12: 4163},0.166255649396898,1.0,4163,9.0,190.0
ETS_Elf5_TATTGT20NCG_GGAA_12_4.txt,ETS,4563,0,12,{12: 4563},0.232944033315464,1.0,4563,9.0,344.0
ETS_FEV_TGATCC20NCTA_GGAA_12_3.txt,ETS,8960,0,12,{12: 8960},0.119098500854537,1.0,8960,9.0,1592.0
ETS_FLI1_TCTAAT20NCG_GGAW_14_4.txt,ETS,7407,0,14,{14: 7407},0.198780765539825,1.0,7407,9.0,274.0
ETS_SPDEF_TCATTG20NCG_GGAT_14_4.txt,ETS,1155,0,14,{14: 1155},0.314082086227179,1.0,1155,9.0,218.0
GATA_GATA3_TCATGC20NCG_GATA_12_3.txt,GATA,3281,0,12,{12: 3281},0.308104662469824,1.0,3281,9.0,159.0
GCM_GCM1_TGAGCA20NCGA_ATGCGGGT_12_3.txt,GCM,7064,0,12,{12: 7064},0.215025215152941,1.0,7064,9.0,397.0
GCM_GCM2_TGACTC20NTCA_ATGCGGGT_10_4.txt,GCM,2044,0,10,{10: 2044},0.247264264055084,1.0,2044,9.0,974.0
HSF_HSF1_TATAGA20NGAG_TTCTAGAA_14_3.txt,HSF,30927,0,14,{14: 30927},0.144080971385632,1.0,30927,9.0,537.0
IRF_IRF7_TATCGC20NGCG_RAANCGAAAW_12_3.txt,IRF,1872,0,12,{12: 1872},0.144588095027431,1.0,1872,9.0,1067.0
MAD_SMAD3_TGGGTA20NGA_TAGACA_12_3.txt,MAD,9682,0,12,{12: 9682},0.154893914058414,1.0,9682,9.0,394.0
MEIS_MEIS1_TGACCT20NGA_TGACAN_10_5.txt,MEIS,1699,0,10,{10: 1699},0.414286469350012,1.0,1699,9.0,147.0
MEIS_MEIS3_TGGGTA20NGA_TGACAG_12_3.txt,MEIS,2997,0,12,{12: 2997},0.180723676919627,1.0,2997,9.0,278.0
MEIS_Meis2_TCAAAA20NTA_TGACAG_10_5.txt,MEIS,1194,0,10,{10: 1194},0.390808886303567,1.0,1194,9.0,1052.0
MEIS_Pknox2_TGCTCG20NCG_TGACAG_14_3.txt,MEIS,1146,0,14,{14: 1146},0.207527996065915,1.0,1146,9.0,145.0
MYB_MYBL1_TTGCGT20NTA_CNGTTA_10_4.txt,MYB,4652,0,10,{10: 4652},0.114835477701777,1.0,4652,9.0,2811.0
MYB_MYBL2_TGAGTG20NGA_CCGTTN_12_3.txt,MYB,3228,0,12,{12: 3228},0.240503387104203,1.0,3228,9.0,173.0
NFAT_NFATC1_TTCGTA20NTGC_TGGAAA_12_4.txt,NFAT,1860,0,12,{12: 1860},0.301699736838357,1.0,1860,9.0,688.0
NFI_NFIA_TACGTC20NTGC_TGCCAA_10_4.txt,NFI,1659,0,10,{10: 1659},0.247955575429068,1.0,1659,9.0,1117.0
NFI_NFIX_TGAGAT20NAGA_TGCCAA_10_4.txt,NFI,5857,0,10,{10: 5857},0.17092332856341,1.0,5857,9.0,4784.0
PAX_PAX2_TCCACG20NCAC_CACGCW_14_4.txt,PAX,2909,0,14,{14: 2909},0.387838192783787,1.0,2909,9.0,202.0
PAX_PAX7_TCCAAC20NAAC_TAATYR_12_4.txt,PAX,2028,0,12,{12: 2028},0.271340599326275,1.0,2028,9.0,753.0
POU_POU2F1_TCTTTC20NGA_WAAT_12_4.txt,POU,1655,0,12,{12: 1655},0.258264036344209,1.0,1655,9.0,680.0
POU_POU2F2_TGACAG20NGA_WAAT_12_4.txt,POU,3855,0,12,{12: 3855},0.203057047378252,1.0,3855,9.0,1342.0
POU_POU2F3_TAGACG20NCAT_TATK_16_3.txt,POU,12363,0,16,{16: 12363},0.246950631406586,1.0,12363,9.0,190.0
POU_POU3F1_TAGCGA20NGCT_WAAT_16_4.txt,POU,5554,0,16,{16: 5554},0.358594358307262,1.0,5554,9.0,209.0
POU_POU3F2_TGTTCA40NCTG_WAAT_10_3.txt,POU,39783,0,10,{10: 39783},0.177912681520555,1.0,39783,9.0,633.0
POU_POU3F3_TCGCAT20NACT_TAAW_10_3.txt,POU,15473,0,10,{10: 15473},0.253592618714129,1.0,15473,9.0,219.0
POU_POU3F4_TACTGC20NGTC_WAAT_10_4.txt,POU,3825,0,10,{10: 3825},0.172075336758718,1.0,3825,9.0,3711.0
POU_POU4F3_TACCGT20NGCC_TAAT_14_3.txt,POU,6360,0,14,{14: 6360},0.172876148788024,1.0,6360,9.0,375.0
PROX_PROX1_TGCAGA20NGA_AAGAC_9_3.txt,PROX,3919,0,9,{9: 3919},0.312143852573917,1.0,3919,15.0,446.0
RRM_CPEB1_TAACCC20NCG_ATAAAA_12_3.txt,RRM,2150,0,12,{12: 2150},0.304538204553917,1.0,2150,9.0,116.0
RUNX_RUNX3_TCTCCC20NGA_AACCRC_10_3.txt,RUNX,8668,0,10,{10: 8668},0.293743489928067,1.0,8668,11.0,618.0
SAND_GMEB2_TCGCGC20NGA_ACGT_10_3.txt,SAND,22341,0,10,{10: 22341},0.246041443834501,1.0,22341,9.0,236.0
TBX_MGA_TAGGGC20NGGT_AGGTGTGA_12_3.txt,TBX,2389,0,12,{12: 2389},0.204339592962094,1.0,2389,9.0,419.0
TBX_TBX15_TACGTC40NTGC_AGGTGTGA_10_3.txt,TBX,27861,0,10,{10: 27861},0.191718406318296,1.0,27861,9.0,845.0
TBX_TBX19_TACTAT40NATC_ANGTGYGA_12_4.txt,TBX,4809,0,12,{12: 4809},0.21457015402673,1.0,4809,9.0,2718.0
TBX_TBX21_TACTGC40NGTC_AGGTGTGA_12_4.txt,TBX,4129,0,12,{12: 4129},0.162998679678849,1.0,4129,9.0,4533.0
TBX_TBX2_TCTATG20NTAG_ANWWNTNA_12_4.txt,TBX,2388,0,12,{12: 2388},0.279755618080631,1.0,2388,9.0,291.0
TEA_TEAD3_TATAAG40NAAG_CATTCC_12_4.txt,TEA,4199,0,12,{12: 4199},0.327739908032056,1.0,4199,9.0,379.0
bHLH_Bhlhb2_TCAAGG20NGAA_CACGTG_14_4.txt,bHLH,8949,0,14,{14: 8949},0.311423811823781,1.0,8949,9.0,248.0
bHLH_MAX_TGACCT20NGA_CACGTG_12_3.txt,bHLH,3209,0,12,{12: 3209},0.0914135601513308,1.0,3209,9.0,824.0
bHLH_TCF3_TACCCG20NCCC_CACCTG_12_3.txt,bHLH,6209,0,12,{12: 6209},0.134866779777508,1.0,6209,9.0,1500.0
bHLH_TCF4_TGCGAA20NGA_CACCTG_14_3.txt,bHLH,15556,0,14,{14: 15556},0.252069465752974,1.0,15556,9.0,143.0
bHLH_TFAP4_TCACGT20NGCA_CAGCTG_12_4.txt,bHLH,1134,0,12,{12: 1134},0.113344345654039,1.0,1134,9.0,14644.0
bHLH_TFE3_TACCGT20NTA_CACGTG_12_3.txt,bHLH,3611,0,12,{12: 3611},0.199149204708265,1.0,3611,9.0,218.0
bHLH_TFEB_TAGTTT20NCG_CACGTG_14_4.txt,bHLH,4835,0,14,{14: 4835},0.310753327550175,1.0,4835,9.0,346.0
bHLH_USF1_TGACGA20NGCA_CACGTG_14_4.txt,bHLH,5082,0,14,{14: 5082},0.25689347557638,1.0,5082,9.0,592.0
bZIP_ATF4_TGGAAT20NGA_TGAYGC_12_3.txt,bZIP,1567,0,12,{12: 1567},0.254667288039599,1.0,1567,9.0,105.0
bZIP_CEBPB_TGGACA20NGA_TTRCGC_12_4.txt,bZIP,3265,0,12,{12: 3265},0.174171900204532,1.0,3265,9.0,3066.0
bZIP_CEBPD_TAATGA20NCG_TTRCGC_12_3.txt,bZIP,1961,0,12,{12: 1961},0.291502827640319,1.0,1961,9.0,135.0
bZIP_CEBPE_TGAGGC20NGA_TTRCGC_12_4.txt,bZIP,3055,0,12,{12: 3055},0.257326678772235,1.0,3055,9.0,571.0
bZIP_CEBPG_TAGACG20NTA_TTRCGC_12_3.txt,bZIP,1685,0,12,{12: 1685},0.17289799325758,1.0,1685,9.0,654.0
bZIP_CREB3L1_TGGGTA30NTGT_CACGTG_14_5.txt,bZIP,3850,0,14,{14: 3850},0.291344571773885,1.0,3850,9.0,970.0
bZIP_CREB3_TAGAAC20NCG_TGACGT_12_4.txt,bZIP,1481,0,12,{12: 1481},0.309309911208052,1.0,1481,9.0,310.0
bZIP_Cebpb_TCCTAA20NATC_TTRCGC_12_3.txt,bZIP,3448,0,12,{12: 3448},0.101876046253413,1.0,3448,9.0,4622.0
bZIP_DBP_TAACTT20NCG_TACGTA_14_3.txt,bZIP,6557,0,14,{14: 6557},0.0952428805923641,1.0,6557,9.0,2387.0
bZIP_Dbp_TAAATG20NCG_TACGTA_12_3.txt,bZIP,1343,0,12,{12: 1343},0.077248409262319,1.0,1343,9.0,3239.0
bZIP_JDP2_TGTTCA20NGA_TGASTC_10_3.txt,bZIP,7100,0,10,{10: 7100},0.259360827718003,1.0,7100,9.0,151.0
bZIP_MAFK_TGCCTG30NTCC_TGCTGA_12_4.txt,bZIP,4019,0,12,{12: 4019},0.211622539013358,1.0,4019,9.0,1786.0
bZIP_Mafb_TCGTTA20NTTT_YGCTGA_12_4.txt,bZIP,1391,0,12,{12: 1391},0.299788376822202,1.0,1391,9.0,434.0
bZIP_NFIL3_TAGACG20NCG_TACRTA_12_3.txt,bZIP,1324,0,12,{12: 1324},0.154571299190765,1.0,1324,9.0,456.0
bZIP_XBP1_TGTTCA20NGA_TGACGT_12_4.txt,bZIP,2044,0,12,{12: 2044},0.16258153531591,1.0,2044,9.0,1790.0
forkhead_FOXB1_TCTGGT20NGGG_GTAAAYA_9_3.txt,forkhead,5352,0,9,{9: 5352},0.380994126510126,1.0,5352,18.0,461.0
forkhead_FOXC1_TGAGGC30NGGA_RTMAAYA_13_3.txt,forkhead,1955,0,13,{13: 1955},0.226679297228428,1.0,1955,9.0,259.0
forkhead_FOXC2_TGAGTG30NTGA_RTAAAYA_13_4.txt,forkhead,3945,0,13,{13: 3945},0.276043332765975,1.0,3945,9.0,734.0
forkhead_FOXD2_TGCTCG20NCTC_RNWAAYR_15_3.txt,forkhead,6562,0,15,{15: 6562},0.204424714579067,1.0,6562,9.0,358.0
forkhead_FOXI1_TCGGAA20NGA_GTAAACA_9_4.txt,forkhead,3309,0,9,{9: 3309},0.358645495966064,1.0,3309,15.0,927.0
forkhead_FOXJ2_TGACGA20NGA_RTAAACA_13_3.txt,forkhead,3553,0,13,{13: 3553},0.165493830135532,1.0,3553,9.0,668.0
forkhead_FOXJ3_TAGTGG20NGTT_RTAAACA_9_3.txt,forkhead,5376,0,9,{9: 5376},0.304098330769515,1.0,5376,14.0,836.0
forkhead_FOXL1_TGCTCG20NCTC_RTAAAYA_15_3.txt,forkhead,2680,0,15,{15: 2680},0.163506910526994,1.0,2680,9.0,555.0
forkhead_FOXP3_TCAATT20NTAA_RTAAACA_9_3.txt,forkhead,5357,0,9,{9: 5357},0.384393153242475,1.0,5357,9.0,251.0
forkhead_Foxc1_CCCCT14N_RTAAAYA_9_3.txt,forkhead,8326,0,9,{9: 8326},0.284518370309417,1.0,8326,9.0,586.0
forkhead_Foxg1_TATCTG20NTCG_RTAAAYA_9_3.txt,forkhead,7899,0,9,{9: 7899},0.285672621756728,1.0,7899,9.0,233.0
homeodomain_ALX3_TGTAAA20NAAG_TAAT_12_4.txt,homeodomain,1851,0,12,{12: 1851},0.326803867126484,1.0,1851,9.0,398.0
homeodomain_ALX4_TGTGTC20NGA_TAAT_10_4.txt,homeodomain,4855,0,10,{10: 4855},0.116901009876051,1.0,4855,9.0,13060.0
homeodomain_ARX_TGCGTT20NTGC_TAAT_10_3.txt,homeodomain,5070,0,10,{10: 5070},0.00440147855717235,1.0,5070,9.0,8521.0
homeodomain_Alx1_TAAAGC20NCG_TAAT_10_4.txt,homeodomain,3212,0,10,{10: 3212},0.152207940955848,1.0,3212,9.0,4522.0
homeodomain_Alx4_TGGTAG20NCG_TAAT_10_4.txt,homeodomain,3331,0,10,{10: 3331},0.132131914262437,1.0,3331,9.0,13015.0
homeodomain_Arx_TCGCAT20NACT_TAAT_14_3.txt,homeodomain,11014,0,14,{14: 11014},0.198013076354948,1.0,11014,9.0,417.0
homeodomain_BARHL2_TATTGT20NGTG_TAAW_10_3.txt,homeodomain,5704,0,10,{10: 5704},0.15205895176158,1.0,5704,9.0,803.0
homeodomain_BARX1_TATTCG20NCTG_TAAT_12_3.txt,homeodomain,14523,0,12,{12: 14523},0.204630651205202,1.0,14523,9.0,307.0
homeodomain_BSX_TATGAA20NCG_TAAT_10_4.txt,homeodomain,5593,0,10,{10: 5593},0.298488236008744,1.0,5593,9.0,342.0
homeodomain_Barhl1_TCAGTC20NCG_TAAW_10_4.txt,homeodomain,1273,0,10,{10: 1273},0.324003254798251,1.0,1273,9.0,246.0
homeodomain_CART1_TGCGCC20NGA_TAAT_10_4.txt,homeodomain,3029,0,10,{10: 3029},0.178213224298114,1.0,3029,9.0,3165.0
homeodomain_DLX1_TCTTGA20NGA_TAAT_10_3.txt,homeodomain,2207,0,10,{10: 2207},0.402302039900829,1.0,2207,9.0,77.0
homeodomain_DLX2_TTCATG20NTA_TAAT_10_4.txt,homeodomain,10216,0,10,{10: 10216},0.223620211562978,1.0,10216,9.0,1228.0
homeodomain_DLX3_TATGTT20NCG_TAAT_10_4.txt,homeodomain,3534,0,10,{10: 3534},0.273735812146198,1.0,3534,9.0,545.0
homeodomain_DLX4_TCTTCT20NGA_TAAT_10_4.txt,homeodomain,1844,0,10,{10: 1844},0.304954390206652,1.0,1844,9.0,338.0
homeodomain_DLX6_TGCGGG20NGA_TAAT_10_3.txt,homeodomain,1604,0,10,{10: 1604},0.256222551930262,1.0,1604,9.0,139.0
homeodomain_DMBX1_TAACCC20NCCA_TAAT_10_3.txt,homeodomain,43021,0,10,{10: 43021},0.234251951577905,1.0,43021,9.0,301.0
homeodomain_DPRX_TCGAAG30NAAT_TAAT_10_6.txt,homeodomain,1221,0,10,{10: 1221},0.331511150767658,1.0,1221,9.0,5114.0
homeodomain_Dlx1_TGAGAT20NCG_TAAT_10_5.txt,homeodomain,1441,0,10,{10: 1441},0.392446889642223,1.0,1441,9.0,382.0
homeodomain_Dlx2_TCGCCA20NCCT_TAAT_10_4.txt,homeodomain,1186,0,10,{10: 1186},0.25998900650598,1.0,1186,9.0,687.0
homeodomain_EMX2_TGGTTC30NTTT_TAAT_10_5.txt,homeodomain,3341,0,10,{10: 3341},0.354983173885067,1.0,3341,9.0,719.0
homeodomain_EN1_TGACCT20NCCA_TAAT_12_4.txt,homeodomain,5353,0,12,{12: 5353},0.372541093940444,1.0,5353,9.0,133.0
homeodomain_ESX1_TCTTCT20NGA_TAAT_10_4.txt,homeodomain,2073,0,10,{10: 2073},0.209664390696217,1.0,2073,9.0,1053.0
homeodomain_EVX1_TGGGAC20NAGT_TAAT_10_3.txt,homeodomain,1703,0,10,{10: 1703},0.246235789502961,1.0,1703,9.0,248.0
homeodomain_EVX2_TCAAGG20NGAA_TAAT_10_4.txt,homeodomain,3886,0,10,{10: 3886},0.212333340598248,1.0,3886,9.0,2383.0
homeodomain_En2_TCAGCT20NCG_YAATTAN_9_4.txt,homeodomain,2084,0,9,{9: 2084},0.390986806561964,1.0,2084,44.0,1161.0
homeodomain_GBX1_TAGTCC20NCG_TAAT_10_3.txt,homeodomain,2178,0,10,{10: 2178},0.235393260066121,1.0,2178,9.0,181.0
homeodomain_GBX2_TCCCGA20NGCC_TAAT_10_4.txt,homeodomain,2070,0,10,{10: 2070},0.282833199286879,1.0,2070,9.0,570.0
homeodomain_GSC_TGGGAC20NGA_TAAT_10_3.txt,homeodomain,41377,0,10,{10: 41377},0.207815359236148,1.0,41377,9.0,661.0
homeodomain_GSX2_TCCAAC20NCG_TAAT_10_4.txt,homeodomain,9316,0,10,{10: 9316},0.286547249737934,1.0,9316,9.0,509.0
homeodomain_Gbx1_TCGGTT20NCG_TAAT_10_4.txt,homeodomain,3848,0,10,{10: 3848},0.195266631811005,1.0,3848,9.0,1556.0
homeodomain_Gbx2_TACACC20NCAC_TAAT_10_3.txt,homeodomain,37082,0,10,{10: 37082},0.314396757499085,1.0,37082,9.0,186.0
homeodomain_HMX2_TAGTGG20NCG_TAAK_10_3.txt,homeodomain,7364,0,10,{10: 7364},0.259686188408413,1.0,7364,9.0,175.0
homeodomain_HOXA10_TAGGAT30NAGT_YAATWAA_9_3.txt,homeodomain,7791,0,9,{9: 7791},0.100159531237641,1.0,7791,9.0,8789.0
homeodomain_HOXA2_TTATTA20NTA_TAAT_12_4.txt,homeodomain,20595,0,12,{12: 20595},0.389079305429392,1.0,20595,9.0,113.0
homeodomain_HOXB13_TGCCTG20NGA_TCGTAAA_11_4.txt,homeodomain,2221,0,11,{11: 2221},0.267717816037091,1.0,2221,9.0,453.0
homeodomain_HOXB2_TAACAA20NACA_TAAT_10_4.txt,homeodomain,10663,0,10,{10: 10663},0.159121736769993,1.0,10663,9.0,4360.0
homeodomain_HOXB3_TACATT20NTAC_TAAT_10_4.txt,homeodomain,5840,0,10,{10: 5840},0.278545319796576,1.0,5840,9.0,423.0
homeodomain_HOXC10_TGGACA20NGA_GTWAAA_10_3.txt,homeodomain,7373,0,10,{10: 7373},0.123187797153618,1.0,7373,9.0,1731.0
homeodomain_HOXC11_TGCGAA20NGA_YAATWAA_9_3.txt,homeodomain,7703,0,9,{9: 7703},0.163417460109189,1.0,7703,9.0,1568.0
homeodomain_HOXD12_TCAGTC20NCG_TCGTAAA_9_3.txt,homeodomain,3372,0,9,{9: 3372},0.165752638041167,1.0,3372,9.0,2043.0
homeodomain_Hoxa2_TACCGT20NCG_TAAT_10_4.txt,homeodomain,5870,0,10,{10: 5870},0.209959909588346,1.0,5870,9.0,1434.0
homeodomain_Hoxc10_TATAGA20NGAG_YAATWAA_9_4.txt,homeodomain,7766,0,9,{9: 7766},0.231276721182673,1.0,7766,9.0,4319.0
homeodomain_Hoxd13_TGATAA20NATA_TCRTAAA_11_4.txt,homeodomain,2798,0,11,{11: 2798},0.325902823607384,1.0,2798,9.0,485.0
homeodomain_Hoxd9_TCCTAA20NCG_GTAAAN_10_3.txt,homeodomain,16142,0,10,{10: 16142},0.235424993437816,1.0,16142,9.0,904.0
homeodomain_ISX_TATTTA20NCG_TAAT_10_4.txt,homeodomain,1800,0,10,{10: 1800},0.208588784605,1.0,1800,9.0,1639.0
homeodomain_Irx3_TACTGC20NCG_TCAT_10_3.txt,homeodomain,1742,0,10,{10: 1742},0.379441291645162,1.0,1742,9.0,87.0
homeodomain_LBX2_TAATTC20NTTA_TAAT_12_4.txt,homeodomain,8436,0,12,{12: 8436},0.333134546312101,1.0,8436,9.0,294.0
homeodomain_LHX2_TCCAGT30NGAC_TAAT_10_3.txt,homeodomain,43301,0,10,{10: 43301},0.179345291221046,1.0,43301,9.0,874.0
homeodomain_LHX6_TCGGGG20NGGT_TAAT_10_3.txt,homeodomain,29778,0,10,{10: 29778},0.337671390504333,1.0,29778,9.0,147.0
homeodomain_LHX9_TATTGT20NGTG_TAAT_12_3.txt,homeodomain,9515,0,12,{12: 9515},0.298947263664105,1.0,9515,9.0,125.0
homeodomain_LMX1B_TGAGGC20NGGA_TAAT_10_4.txt,homeodomain,2177,0,10,{10: 2177},0.211951406338828,1.0,2177,9.0,3832.0
homeodomain_Lhx4_TAAATG20NTAA_TAAT_10_3.txt,homeodomain,45187,0,10,{10: 45187},0.200683523767921,1.0,45187,9.0,495.0
homeodomain_MEOX1_TACCTA20NCG_TAAT_10_3.txt,homeodomain,42401,0,10,{10: 42401},0.194794673586019,1.0,42401,9.0,468.0
homeodomain_MEOX2_TAGTTT30NTTT_TAAT_10_4.txt,homeodomain,23536,0,10,{10: 23536},0.263315873610374,1.0,23536,9.0,916.0
homeodomain_MIXL1_TGATTT20NTTA_TAAT_10_4.txt,homeodomain,4499,0,10,{10: 4499},0.271464300571635,1.0,4499,9.0,752.0
homeodomain_MSX1_TGCGAA30NAGC_TAAT_10_5.txt,homeodomain,2361,0,10,{10: 2361},0.378980381746548,1.0,2361,9.0,949.0
homeodomain_Meox2_TACGTC20NTGC_TAAT_10_3.txt,homeodomain,42888,0,10,{10: 42888},0.219002112926335,1.0,42888,9.0,380.0
homeodomain_NKX2-3_TGGAAT20NGA_ACTTRAN_9_4.txt,homeodomain,2147,0,9,{9: 2147},0.319326023979548,1.0,2147,21.0,2294.0
homeodomain_NKX3-1_TCCCTC20NCG_TAAG_12_3.txt,homeodomain,14322,0,12,{12: 14322},0.282544193641371,1.0,14322,9.0,143.0
homeodomain_NKX3-2_TCCAGT20NGAC_TAAG_12_4.txt,homeodomain,4687,0,12,{12: 4687},0.306026915610637,1.0,4687,9.0,392.0
homeodomain_NKX6-1_TGCGGG30NGGC_TAAT_10_4.txt,homeodomain,16124,0,10,{10: 16124},0.181844512035747,1.0,16124,9.0,6279.0
homeodomain_NKX6-2_TTACAT20NTA_TAAT_10_4.txt,homeodomain,22027,0,10,{10: 22027},0.174497562661688,1.0,22027,9.0,2720.0
homeodomain_NOTO_TGCGTT30NTGC_TAAT_10_3.txt,homeodomain,41097,0,10,{10: 41097},0.222054978570761,1.0,41097,9.0,355.0
homeodomain_Nkx3-1_TCTTAG20NATG_TAAG_10_4.txt,homeodomain,2098,0,10,{10: 2098},0.194430191545285,1.0,2098,9.0,2080.0
homeodomain_OTX1_TGATAA20NGA_TAAT_10_4.txt,homeodomain,6109,0,10,{10: 6109},0.268448098538379,1.0,6109,9.0,749.0
homeodomain_OTX2_TATGGG20NGGG_TAAT_10_3.txt,homeodomain,2462,0,10,{10: 2462},0.303546988456967,1.0,2462,9.0,116.0
homeodomain_PDX1_TGGAAT30NAAT_TAAT_10_3.txt,homeodomain,42064,0,10,{10: 42064},0.172841865020348,1.0,42064,9.0,600.0
homeodomain_PHOX2A_TGACTC20NGA_TAAT_10_3.txt,homeodomain,6305,0,10,{10: 6305},0.108006194336271,1.0,6305,9.0,2141.0
homeodomain_PHOX2B_TGGTCT20NGA_TAAT_10_3.txt,homeodomain,9872,0,10,{10: 9872},0.0194959037342785,1.0,9872,9.0,4844.0
homeodomain_PITX1_TGAGCA20NCGA_TAAT_10_4.txt,homeodomain,3079,0,10,{10: 3079},0.211589293995817,1.0,3079,9.0,1856.0
homeodomain_PITX3_TGCATC20NGA_TAAT_12_3.txt,homeodomain,9529,0,12,{12: 9529},0.165040495731391,1.0,9529,9.0,954.0
homeodomain_PROP1_TGTATT20NGA_TAAT_10_3.txt,homeodomain,40026,0,10,{10: 40026},0.218803289670591,1.0,40026,9.0,303.0
homeodomain_PRRX1_TAACGG20NGCA_TAAT_10_3.txt,homeodomain,3708,0,10,{10: 3708},0.114778285638466,1.0,3708,9.0,2154.0
homeodomain_PRRX2_TGGGGT20NGA_TAAT_10_4.txt,homeodomain,3993,0,10,{10: 3993},0.247246996653754,1.0,3993,9.0,755.0
homeodomain_Prrx2_TATGAA20NAGG_TAAT_10_3.txt,homeodomain,45016,0,10,{10: 45016},0.162539550826199,1.0,45016,9.0,886.0
homeodomain_RAXL1_TACTCA20NTA_TAAT_10_4.txt,homeodomain,10047,0,10,{10: 10047},0.17927111015532,1.0,10047,9.0,2155.0
homeodomain_RHOXF1_TTAGAA20NTA_TRAK_10_3.txt,homeodomain,62871,0,10,{10: 62871},0.207380886076229,1.0,62871,9.0,465.0
homeodomain_Rhox11_TGGCCC20NCG_TWAN_14_4.txt,homeodomain,2556,0,14,{14: 2556},0.289011553936634,1.0,2556,9.0,250.0
homeodomain_SHOX2_TACGTC20NTGC_TAAT_10_3.txt,homeodomain,2403,0,10,{10: 2403},0.17905084507857,1.0,2403,9.0,581.0
homeodomain_SHOX_TAAGGT20NGGA_TAAT_10_3.txt,homeodomain,3052,0,10,{10: 3052},0.140553415138531,1.0,3052,9.0,1043.0
homeodomain_Shox2_TCCCAG20NACC_TAAT_10_3.txt,homeodomain,2347,0,10,{10: 2347},0.122368768694096,1.0,2347,9.0,2354.0
homeodomain_UNCX_TGCAAG20NGA_TAAT_10_3.txt,homeodomain,4266,0,10,{10: 4266},0.0946598869649735,1.0,4266,9.0,4775.0
homeodomain_VAX1_TGCCAT20NACC_TAAT_10_4.txt,homeodomain,2931,0,10,{10: 2931},0.212273939310919,1.0,2931,9.0,1654.0
homeodomain_VAX2_TGGTAG20NATT_TAAT_10_4.txt,homeodomain,6938,0,10,{10: 6938},0.186925006073584,1.0,6938,9.0,2265.0
homeodomain_VSX1_TGGTTC20NTTT_TAAT_14_3.txt,homeodomain,21480,0,14,{14: 21480},0.247706601862902,1.0,21480,9.0,177.0
homeodomain_VSX2_TCTCCC20NCCG_TAAT_14_4.txt,homeodomain,5949,0,14,{14: 5949},0.307031175708009,1.0,5949,9.0,323.0
homeodomain_Vsx1_TGCAGA20NCG_TAAT_10_4.txt,homeodomain,15878,0,10,{10: 15878},0.129603969484687,1.0,15878,9.0,6671.0
nuclearreceptor_AR_TGCTCG20NGA_ACANNNTGT_9_3.txt,nuclearreceptor,4768,0,9,{9: 4768},0.317989148023376,1.0,4768,12.0,445.0
nuclearreceptor_Ar_TCTAAT20NCG_ACANNNTGT_11_5.txt,nuclearreceptor,1478,0,11,{11: 1478},0.318503415051597,1.0,1478,9.0,934.0
nuclearreceptor_ESR1_TAGAGT20NCG_AGGTCA_12_3.txt,nuclearreceptor,4334,0,12,{12: 4334},0.287034516801172,1.0,4334,9.0,177.0
nuclearreceptor_Esrra_TAGCTC20NCG_AGGTCA_12_3.txt,nuclearreceptor,1676,0,12,{12: 1676},0.336778929520355,1.0,1676,9.0,126.0
nuclearreceptor_HNF4A_TCCGTG40NTGC_AAGTCC_16_3.txt,nuclearreceptor,7171,0,16,{16: 7171},0.203191973064664,1.0,7171,9.0,412.0
nuclearreceptor_NR2C2_TCGACT20NCAT_AGGTCA_12_4.txt,nuclearreceptor,2458,0,12,{12: 2458},0.263248224060817,1.0,2458,9.0,813.0
nuclearreceptor_NR2F1_TCTGAC20NGA_RGGTCA_10_3.txt,nuclearreceptor,8704,0,10,{10: 8704},0.121016984275868,1.0,8704,19.0,10842.0
nuclearreceptor_NR2F6_TCTTGA20NGA_AGGTCA_12_3.txt,nuclearreceptor,9015,0,12,{12: 9015},0.162700014851825,1.0,9015,9.0,564.0
nuclearreceptor_NR3C1_TGACGA20NGCA_ACANNNTGT_13_3.txt,nuclearreceptor,1555,0,13,{13: 1555},0.159797191047473,1.0,1555,9.0,711.0
nuclearreceptor_NR3C2_TCAGAG20NAGA_ACANNNTGT_13_4.txt,nuclearreceptor,1027,0,13,{13: 1027},0.295977435198338,1.0,1027,9.0,631.0
nuclearreceptor_Nr2e1_TCGCGC20NGCT_AAGTCA_12_3.txt,nuclearreceptor,1668,0,12,{12: 1668},0.266128092808892,1.0,1668,9.0,188.0
nuclearreceptor_RARA_TATAGA20NCG_AGGTCA_12_3.txt,nuclearreceptor,7012,0,12,{12: 7012},0.267569636665609,1.0,7012,9.0,273.0
nuclearreceptor_RARG_TCGGGG20NGA_RGGTCA_10_3.txt,nuclearreceptor,8694,0,10,{10: 8694},0.305758874593932,1.0,8694,9.0,366.0
nuclearreceptor_RORA_TCTGTA30NTGG_AGGTCA_10_3.txt,nuclearreceptor,37416,0,10,{10: 37416},0.246513129454729,1.0,37416,9.0,665.0
nuclearreceptor_RXRA_TCTACA40NCAG_RGGTCA_14_3.txt,nuclearreceptor,2587,0,14,{14: 2587},0.232369134859475,1.0,2587,9.0,234.0
nuclearreceptor_RXRG_TTCTCT20NTA_RGGTCA_10_3.txt,nuclearreceptor,8686,0,10,{10: 8686},0.339712618259668,1.0,8686,9.0,565.0
nuclearreceptor_Rara_TCGGTT20NCG_AGGTCA_16_4.txt,nuclearreceptor,1549,0,16,{16: 1549},0.366496759409004,1.0,1549,9.0,118.0
nuclearreceptor_Rarb_TCGTGT20NCG_AGGTCA_16_4.txt,nuclearreceptor,1297,0,16,{16: 1297},0.35147805190328,1.0,1297,9.0,121.0
nuclearreceptor_THRA_TCGGCC40NCGT_AGGTCA_12_3.txt,nuclearreceptor,2318,0,12,{12: 2318},0.332314244616077,1.0,2318,9.0,157.0
