transcription_factor	supplied_split	raw_path	row_count	byte_size	sha256	sequence_shape	sequence_dtype	sequence_string_encoding	one_hot_shape	one_hot_dtype	one_hot_channel_order	target_shape	target_dtype	target_id_shape	target_id_dtype	target_id_value	target_name_shape	target_name_dtype	target_name_value
AbdA	test	data/raw/exd_hox_selex_canonical_v1/AbdA/AbdA_test.h5	5013	550044	b8d1ed87591725de6eb8892c9d033eb4d21c57ec78083cf06890d20a22d5e0d3	[5013]	object	utf-8	[5013,14,4]	int8	A,C,G,T	[5013,1]	float32	[1]	|S16	c0	[1]	|S16	dummy
AbdA	train	data/raw/exd_hox_selex_canonical_v1/AbdA/AbdA_train.h5	20052	2184528	8941ac376a9af4da31aa439ea224c74b012199808e65c8101ce10e0d92f965b6	[20052]	object	utf-8	[20052,14,4]	int8	A,C,G,T	[20052,1]	float32	[1]	|S16	c0	[1]	|S16	dummy
AbdB	test	data/raw/exd_hox_selex_canonical_v1/AbdB/AbdB_test.h5	8292	901648	42d48167c4784daa2758c9274bb0816ea21b0b7c70b3b0e450372b1003854a0c	[8292]	object	utf-8	[8292,14,4]	int8	A,C,G,T	[8292,1]	float32	[1]	|S16	c0	[1]	|S16	dummy
AbdB	train	data/raw/exd_hox_selex_canonical_v1/AbdB/AbdB_train.h5	33171	3591172	601ec9f1ab802ea56ddf9b03017172fd049fcfa95c794bf4e3b656fd825aff7a	[33171]	object	utf-8	[33171,14,4]	int8	A,C,G,T	[33171,1]	float32	[1]	|S16	c0	[1]	|S16	dummy
Antp	test	data/raw/exd_hox_selex_canonical_v1/Antp/Antp_test.h5	6154	673624	a27eec70d02304f95d333718ac82e96d220bb3da6295beb680eb582e189e88c0	[6154]	object	utf-8	[6154,14,4]	int8	A,C,G,T	[6154,1]	float32	[1]	|S16	c0	[1]	|S16	dummy
Antp	train	data/raw/exd_hox_selex_canonical_v1/Antp/Antp_train.h5	24613	2666332	bf8ac08213c302ffc0e9c4357a90d9470abe5842ffd00f984a5dfbb763c249ae	[24613]	object	utf-8	[24613,14,4]	int8	A,C,G,T	[24613,1]	float32	[1]	|S16	c0	[1]	|S16	dummy
Dfd	test	data/raw/exd_hox_selex_canonical_v1/Dfd/Dfd_test.h5	5328	606752	ab25a4de43974515cf1b3ac45aeff8d3c38792cb4d1101324068fefaa99afcdb	[5328]	object	utf-8	[5328,14,4]	int8	A,C,G,T	[5328,1]	float32	[1]	|S16	c0	[1]	|S16	dummy
Dfd	train	data/raw/exd_hox_selex_canonical_v1/Dfd/Dfd_train.h5	21314	2313208	30f7130ff3f7822acd91e77337885b31e69bd96106daf790539af23031ac60f8	[21314]	object	utf-8	[21314,14,4]	int8	A,C,G,T	[21314,1]	float32	[1]	|S16	c0	[1]	|S16	dummy
Lab	test	data/raw/exd_hox_selex_canonical_v1/Lab/Lab_test.h5	6511	713044	f7877379397316d56e2406774afb8ad144f92ce272b57f61765b721d19ec814a	[6511]	object	utf-8	[6511,14,4]	int8	A,C,G,T	[6511,1]	float32	[1]	|S16	c0	[1]	|S16	dummy
Lab	train	data/raw/exd_hox_selex_canonical_v1/Lab/Lab_train.h5	26048	2836832	231fa9475b575c046aa69a239a39f13d1669edc69f61c0714f3625cb5436c3d6	[26048]	object	utf-8	[26048,14,4]	int8	A,C,G,T	[26048,1]	float32	[1]	|S16	c0	[1]	|S16	dummy
Pb	test	data/raw/exd_hox_selex_canonical_v1/Pb/Pb_test.h5	45623	4947124	7b639e6f970d1c5d9953d45a597e4f792161486ab3986c7af4c44e86235b46ce	[45623]	object	utf-8	[45623,14,4]	int8	A,C,G,T	[45623,1]	float32	[1]	|S16	c0	[1]	|S16	dummy
Pb	train	data/raw/exd_hox_selex_canonical_v1/Pb/Pb_train.h5	182490	19723544	13943e14e52f1b4573cb595a500049d77b736315fb21321d949b8bb557a172d8	[182490]	object	utf-8	[182490,14,4]	int8	A,C,G,T	[182490,1]	float32	[1]	|S16	c0	[1]	|S16	dummy
Scr	test	data/raw/exd_hox_selex_canonical_v1/Scr/Scr_test.h5	6897	758764	fbd63bba7472bdf3ee655057a6c4b8c077813705952b4b13f77afdb691c10934	[6897]	object	utf-8	[6897,14,4]	int8	A,C,G,T	[6897,1]	float32	[1]	|S16	c0	[1]	|S16	dummy
Scr	train	data/raw/exd_hox_selex_canonical_v1/Scr/Scr_train.h5	27591	2986868	ba67be0d76de57cb735e41ffe2367229b3dfc14263d588368330494143b7c2cc	[27591]	object	utf-8	[27591,14,4]	int8	A,C,G,T	[27591,1]	float32	[1]	|S16	c0	[1]	|S16	dummy
Ubx	test	data/raw/exd_hox_selex_canonical_v1/Ubx/Ubx_test.h5	8495	929364	f676f7c5c0675011190ecafd0e7d7557dcf957a5791a97aa830531a44fc88826	[8495]	object	utf-8	[8495,14,4]	int8	A,C,G,T	[8495,1]	float32	[1]	|S16	c0	[1]	|S16	dummy
Ubx	train	data/raw/exd_hox_selex_canonical_v1/Ubx/Ubx_train.h5	33980	3701808	00ae0186ac0aabb393f77c3101b5c011d8b9b2b2e54b018417327071a6241dfb	[33980]	object	utf-8	[33980,14,4]	int8	A,C,G,T	[33980,1]	float32	[1]	|S16	c0	[1]	|S16	dummy
