transcription_factor	supplied_split	bin_index	bin_left	bin_right	row_count
AbdA	train	0	0	0.02	0
AbdA	train	1	0.02	0.04	0
AbdA	train	2	0.04	0.06	0
AbdA	train	3	0.06	0.08	0
AbdA	train	4	0.08	0.1	5
AbdA	train	5	0.1	0.12	184
AbdA	train	6	0.12	0.14	1249
AbdA	train	7	0.14	0.16	2804
AbdA	train	8	0.16	0.18	3234
AbdA	train	9	0.18	0.2	2791
AbdA	train	10	0.2	0.22	2236
AbdA	train	11	0.22	0.24	1609
AbdA	train	12	0.24	0.26	1288
AbdA	train	13	0.26	0.28	956
AbdA	train	14	0.28	0.3	685
AbdA	train	15	0.3	0.32	582
AbdA	train	16	0.32	0.34	440
AbdA	train	17	0.34	0.36	372
AbdA	train	18	0.36	0.38	282
AbdA	train	19	0.38	0.4	221
AbdA	train	20	0.4	0.42	182
AbdA	train	21	0.42	0.44	136
AbdA	train	22	0.44	0.46	135
AbdA	train	23	0.46	0.48	119
AbdA	train	24	0.48	0.5	95
AbdA	train	25	0.5	0.52	70
AbdA	train	26	0.52	0.54	67
AbdA	train	27	0.54	0.56	54
AbdA	train	28	0.56	0.58	51
AbdA	train	29	0.58	0.6	37
AbdA	train	30	0.6	0.62	32
AbdA	train	31	0.62	0.64	15
AbdA	train	32	0.64	0.66	20
AbdA	train	33	0.66	0.68	17
AbdA	train	34	0.68	0.7	26
AbdA	train	35	0.7	0.72	10
AbdA	train	36	0.72	0.74	14
AbdA	train	37	0.74	0.76	8
AbdA	train	38	0.76	0.78	6
AbdA	train	39	0.78	0.8	4
AbdA	train	40	0.8	0.82	3
AbdA	train	41	0.82	0.84	3
AbdA	train	42	0.84	0.86	1
AbdA	train	43	0.86	0.88	2
AbdA	train	44	0.88	0.9	1
AbdA	train	45	0.9	0.92	2
AbdA	train	46	0.92	0.94	2
AbdA	train	47	0.94	0.96	0
AbdA	train	48	0.96	0.98	1
AbdA	train	49	0.98	1	1
AbdA	test	0	0	0.02	0
AbdA	test	1	0.02	0.04	0
AbdA	test	2	0.04	0.06	0
AbdA	test	3	0.06	0.08	0
AbdA	test	4	0.08	0.1	0
AbdA	test	5	0.1	0.12	36
AbdA	test	6	0.12	0.14	322
AbdA	test	7	0.14	0.16	692
AbdA	test	8	0.16	0.18	820
AbdA	test	9	0.18	0.2	657
AbdA	test	10	0.2	0.22	528
AbdA	test	11	0.22	0.24	395
AbdA	test	12	0.24	0.26	340
AbdA	test	13	0.26	0.28	265
AbdA	test	14	0.28	0.3	180
AbdA	test	15	0.3	0.32	131
AbdA	test	16	0.32	0.34	122
AbdA	test	17	0.34	0.36	103
AbdA	test	18	0.36	0.38	72
AbdA	test	19	0.38	0.4	70
AbdA	test	20	0.4	0.42	43
AbdA	test	21	0.42	0.44	45
AbdA	test	22	0.44	0.46	35
AbdA	test	23	0.46	0.48	34
AbdA	test	24	0.48	0.5	22
AbdA	test	25	0.5	0.52	20
AbdA	test	26	0.52	0.54	12
AbdA	test	27	0.54	0.56	13
AbdA	test	28	0.56	0.58	9
AbdA	test	29	0.58	0.6	7
AbdA	test	30	0.6	0.62	3
AbdA	test	31	0.62	0.64	5
AbdA	test	32	0.64	0.66	11
AbdA	test	33	0.66	0.68	4
AbdA	test	34	0.68	0.7	4
AbdA	test	35	0.7	0.72	0
AbdA	test	36	0.72	0.74	3
AbdA	test	37	0.74	0.76	1
AbdA	test	38	0.76	0.78	2
AbdA	test	39	0.78	0.8	3
AbdA	test	40	0.8	0.82	1
AbdA	test	41	0.82	0.84	1
AbdA	test	42	0.84	0.86	0
AbdA	test	43	0.86	0.88	1
AbdA	test	44	0.88	0.9	0
AbdA	test	45	0.9	0.92	0
AbdA	test	46	0.92	0.94	0
AbdA	test	47	0.94	0.96	0
AbdA	test	48	0.96	0.98	1
AbdA	test	49	0.98	1	0
AbdB	train	0	0	0.02	0
AbdB	train	1	0.02	0.04	0
AbdB	train	2	0.04	0.06	0
AbdB	train	3	0.06	0.08	7
AbdB	train	4	0.08	0.1	196
AbdB	train	5	0.1	0.12	1160
AbdB	train	6	0.12	0.14	3120
AbdB	train	7	0.14	0.16	4544
AbdB	train	8	0.16	0.18	5221
AbdB	train	9	0.18	0.2	4829
AbdB	train	10	0.2	0.22	3715
AbdB	train	11	0.22	0.24	2583
AbdB	train	12	0.24	0.26	1771
AbdB	train	13	0.26	0.28	1273
AbdB	train	14	0.28	0.3	962
AbdB	train	15	0.3	0.32	726
AbdB	train	16	0.32	0.34	558
AbdB	train	17	0.34	0.36	455
AbdB	train	18	0.36	0.38	363
AbdB	train	19	0.38	0.4	297
AbdB	train	20	0.4	0.42	251
AbdB	train	21	0.42	0.44	210
AbdB	train	22	0.44	0.46	174
AbdB	train	23	0.46	0.48	124
AbdB	train	24	0.48	0.5	102
AbdB	train	25	0.5	0.52	84
AbdB	train	26	0.52	0.54	89
AbdB	train	27	0.54	0.56	66
AbdB	train	28	0.56	0.58	44
AbdB	train	29	0.58	0.6	51
AbdB	train	30	0.6	0.62	41
AbdB	train	31	0.62	0.64	33
AbdB	train	32	0.64	0.66	17
AbdB	train	33	0.66	0.68	15
AbdB	train	34	0.68	0.7	15
AbdB	train	35	0.7	0.72	15
AbdB	train	36	0.72	0.74	8
AbdB	train	37	0.74	0.76	12
AbdB	train	38	0.76	0.78	3
AbdB	train	39	0.78	0.8	10
AbdB	train	40	0.8	0.82	7
AbdB	train	41	0.82	0.84	1
AbdB	train	42	0.84	0.86	6
AbdB	train	43	0.86	0.88	5
AbdB	train	44	0.88	0.9	1
AbdB	train	45	0.9	0.92	3
AbdB	train	46	0.92	0.94	0
AbdB	train	47	0.94	0.96	1
AbdB	train	48	0.96	0.98	2
AbdB	train	49	0.98	1	1
AbdB	test	0	0	0.02	0
AbdB	test	1	0.02	0.04	0
AbdB	test	2	0.04	0.06	0
AbdB	test	3	0.06	0.08	0
AbdB	test	4	0.08	0.1	56
AbdB	test	5	0.1	0.12	361
AbdB	test	6	0.12	0.14	720
AbdB	test	7	0.14	0.16	1196
AbdB	test	8	0.16	0.18	1275
AbdB	test	9	0.18	0.2	1228
AbdB	test	10	0.2	0.22	913
AbdB	test	11	0.22	0.24	664
AbdB	test	12	0.24	0.26	430
AbdB	test	13	0.26	0.28	304
AbdB	test	14	0.28	0.3	237
AbdB	test	15	0.3	0.32	182
AbdB	test	16	0.32	0.34	119
AbdB	test	17	0.34	0.36	112
AbdB	test	18	0.36	0.38	88
AbdB	test	19	0.38	0.4	68
AbdB	test	20	0.4	0.42	60
AbdB	test	21	0.42	0.44	45
AbdB	test	22	0.44	0.46	32
AbdB	test	23	0.46	0.48	27
AbdB	test	24	0.48	0.5	25
AbdB	test	25	0.5	0.52	21
AbdB	test	26	0.52	0.54	24
AbdB	test	27	0.54	0.56	11
AbdB	test	28	0.56	0.58	14
AbdB	test	29	0.58	0.6	12
AbdB	test	30	0.6	0.62	8
AbdB	test	31	0.62	0.64	10
AbdB	test	32	0.64	0.66	6
AbdB	test	33	0.66	0.68	8
AbdB	test	34	0.68	0.7	11
AbdB	test	35	0.7	0.72	10
AbdB	test	36	0.72	0.74	3
AbdB	test	37	0.74	0.76	2
AbdB	test	38	0.76	0.78	0
AbdB	test	39	0.78	0.8	2
AbdB	test	40	0.8	0.82	3
AbdB	test	41	0.82	0.84	1
AbdB	test	42	0.84	0.86	0
AbdB	test	43	0.86	0.88	1
AbdB	test	44	0.88	0.9	0
AbdB	test	45	0.9	0.92	0
AbdB	test	46	0.92	0.94	0
AbdB	test	47	0.94	0.96	3
AbdB	test	48	0.96	0.98	0
AbdB	test	49	0.98	1	0
Antp	train	0	0	0.02	0
Antp	train	1	0.02	0.04	0
Antp	train	2	0.04	0.06	0
Antp	train	3	0.06	0.08	10
Antp	train	4	0.08	0.1	477
Antp	train	5	0.1	0.12	2345
Antp	train	6	0.12	0.14	3978
Antp	train	7	0.14	0.16	4508
Antp	train	8	0.16	0.18	3895
Antp	train	9	0.18	0.2	2810
Antp	train	10	0.2	0.22	1785
Antp	train	11	0.22	0.24	1254
Antp	train	12	0.24	0.26	906
Antp	train	13	0.26	0.28	603
Antp	train	14	0.28	0.3	456
Antp	train	15	0.3	0.32	342
Antp	train	16	0.32	0.34	250
Antp	train	17	0.34	0.36	205
Antp	train	18	0.36	0.38	174
Antp	train	19	0.38	0.4	116
Antp	train	20	0.4	0.42	95
Antp	train	21	0.42	0.44	76
Antp	train	22	0.44	0.46	61
Antp	train	23	0.46	0.48	45
Antp	train	24	0.48	0.5	43
Antp	train	25	0.5	0.52	30
Antp	train	26	0.52	0.54	32
Antp	train	27	0.54	0.56	16
Antp	train	28	0.56	0.58	28
Antp	train	29	0.58	0.6	6
Antp	train	30	0.6	0.62	18
Antp	train	31	0.62	0.64	4
Antp	train	32	0.64	0.66	4
Antp	train	33	0.66	0.68	4
Antp	train	34	0.68	0.7	6
Antp	train	35	0.7	0.72	2
Antp	train	36	0.72	0.74	7
Antp	train	37	0.74	0.76	7
Antp	train	38	0.76	0.78	3
Antp	train	39	0.78	0.8	3
Antp	train	40	0.8	0.82	2
Antp	train	41	0.82	0.84	2
Antp	train	42	0.84	0.86	0
Antp	train	43	0.86	0.88	1
Antp	train	44	0.88	0.9	1
Antp	train	45	0.9	0.92	0
Antp	train	46	0.92	0.94	1
Antp	train	47	0.94	0.96	1
Antp	train	48	0.96	0.98	0
Antp	train	49	0.98	1	1
Antp	test	0	0	0.02	0
Antp	test	1	0.02	0.04	0
Antp	test	2	0.04	0.06	0
Antp	test	3	0.06	0.08	3
Antp	test	4	0.08	0.1	115
Antp	test	5	0.1	0.12	592
Antp	test	6	0.12	0.14	1016
Antp	test	7	0.14	0.16	1100
Antp	test	8	0.16	0.18	1020
Antp	test	9	0.18	0.2	716
Antp	test	10	0.2	0.22	422
Antp	test	11	0.22	0.24	275
Antp	test	12	0.24	0.26	225
Antp	test	13	0.26	0.28	130
Antp	test	14	0.28	0.3	107
Antp	test	15	0.3	0.32	90
Antp	test	16	0.32	0.34	69
Antp	test	17	0.34	0.36	56
Antp	test	18	0.36	0.38	36
Antp	test	19	0.38	0.4	31
Antp	test	20	0.4	0.42	37
Antp	test	21	0.42	0.44	18
Antp	test	22	0.44	0.46	25
Antp	test	23	0.46	0.48	10
Antp	test	24	0.48	0.5	12
Antp	test	25	0.5	0.52	9
Antp	test	26	0.52	0.54	3
Antp	test	27	0.54	0.56	7
Antp	test	28	0.56	0.58	0
Antp	test	29	0.58	0.6	5
Antp	test	30	0.6	0.62	8
Antp	test	31	0.62	0.64	4
Antp	test	32	0.64	0.66	2
Antp	test	33	0.66	0.68	0
Antp	test	34	0.68	0.7	4
Antp	test	35	0.7	0.72	1
Antp	test	36	0.72	0.74	1
Antp	test	37	0.74	0.76	1
Antp	test	38	0.76	0.78	0
Antp	test	39	0.78	0.8	0
Antp	test	40	0.8	0.82	0
Antp	test	41	0.82	0.84	0
Antp	test	42	0.84	0.86	2
Antp	test	43	0.86	0.88	0
Antp	test	44	0.88	0.9	1
Antp	test	45	0.9	0.92	0
Antp	test	46	0.92	0.94	0
Antp	test	47	0.94	0.96	1
Antp	test	48	0.96	0.98	0
Antp	test	49	0.98	1	0
Dfd	train	0	0	0.02	0
Dfd	train	1	0.02	0.04	0
Dfd	train	2	0.04	0.06	0
Dfd	train	3	0.06	0.08	6
Dfd	train	4	0.08	0.1	426
Dfd	train	5	0.1	0.12	2470
Dfd	train	6	0.12	0.14	4270
Dfd	train	7	0.14	0.16	3820
Dfd	train	8	0.16	0.18	2726
Dfd	train	9	0.18	0.2	1988
Dfd	train	10	0.2	0.22	1305
Dfd	train	11	0.22	0.24	885
Dfd	train	12	0.24	0.26	703
Dfd	train	13	0.26	0.28	511
Dfd	train	14	0.28	0.3	414
Dfd	train	15	0.3	0.32	336
Dfd	train	16	0.32	0.34	294
Dfd	train	17	0.34	0.36	224
Dfd	train	18	0.36	0.38	167
Dfd	train	19	0.38	0.4	141
Dfd	train	20	0.4	0.42	95
Dfd	train	21	0.42	0.44	75
Dfd	train	22	0.44	0.46	85
Dfd	train	23	0.46	0.48	62
Dfd	train	24	0.48	0.5	30
Dfd	train	25	0.5	0.52	43
Dfd	train	26	0.52	0.54	40
Dfd	train	27	0.54	0.56	39
Dfd	train	28	0.56	0.58	32
Dfd	train	29	0.58	0.6	19
Dfd	train	30	0.6	0.62	16
Dfd	train	31	0.62	0.64	18
Dfd	train	32	0.64	0.66	10
Dfd	train	33	0.66	0.68	12
Dfd	train	34	0.68	0.7	9
Dfd	train	35	0.7	0.72	6
Dfd	train	36	0.72	0.74	8
Dfd	train	37	0.74	0.76	2
Dfd	train	38	0.76	0.78	5
Dfd	train	39	0.78	0.8	3
Dfd	train	40	0.8	0.82	9
Dfd	train	41	0.82	0.84	2
Dfd	train	42	0.84	0.86	2
Dfd	train	43	0.86	0.88	2
Dfd	train	44	0.88	0.9	0
Dfd	train	45	0.9	0.92	1
Dfd	train	46	0.92	0.94	0
Dfd	train	47	0.94	0.96	1
Dfd	train	48	0.96	0.98	1
Dfd	train	49	0.98	1	1
Dfd	test	0	0	0.02	0
Dfd	test	1	0.02	0.04	0
Dfd	test	2	0.04	0.06	0
Dfd	test	3	0.06	0.08	3
Dfd	test	4	0.08	0.1	126
Dfd	test	5	0.1	0.12	659
Dfd	test	6	0.12	0.14	1025
Dfd	test	7	0.14	0.16	989
Dfd	test	8	0.16	0.18	702
Dfd	test	9	0.18	0.2	479
Dfd	test	10	0.2	0.22	340
Dfd	test	11	0.22	0.24	208
Dfd	test	12	0.24	0.26	161
Dfd	test	13	0.26	0.28	113
Dfd	test	14	0.28	0.3	76
Dfd	test	15	0.3	0.32	81
Dfd	test	16	0.32	0.34	68
Dfd	test	17	0.34	0.36	59
Dfd	test	18	0.36	0.38	45
Dfd	test	19	0.38	0.4	34
Dfd	test	20	0.4	0.42	33
Dfd	test	21	0.42	0.44	21
Dfd	test	22	0.44	0.46	20
Dfd	test	23	0.46	0.48	16
Dfd	test	24	0.48	0.5	10
Dfd	test	25	0.5	0.52	8
Dfd	test	26	0.52	0.54	6
Dfd	test	27	0.54	0.56	3
Dfd	test	28	0.56	0.58	10
Dfd	test	29	0.58	0.6	4
Dfd	test	30	0.6	0.62	4
Dfd	test	31	0.62	0.64	6
Dfd	test	32	0.64	0.66	2
Dfd	test	33	0.66	0.68	4
Dfd	test	34	0.68	0.7	2
Dfd	test	35	0.7	0.72	1
Dfd	test	36	0.72	0.74	2
Dfd	test	37	0.74	0.76	3
Dfd	test	38	0.76	0.78	0
Dfd	test	39	0.78	0.8	1
Dfd	test	40	0.8	0.82	0
Dfd	test	41	0.82	0.84	0
Dfd	test	42	0.84	0.86	1
Dfd	test	43	0.86	0.88	0
Dfd	test	44	0.88	0.9	1
Dfd	test	45	0.9	0.92	2
Dfd	test	46	0.92	0.94	0
Dfd	test	47	0.94	0.96	0
Dfd	test	48	0.96	0.98	0
Dfd	test	49	0.98	1	0
Lab	train	0	0	0.02	0
Lab	train	1	0.02	0.04	0
Lab	train	2	0.04	0.06	1
Lab	train	3	0.06	0.08	335
Lab	train	4	0.08	0.1	2916
Lab	train	5	0.1	0.12	5205
Lab	train	6	0.12	0.14	4365
Lab	train	7	0.14	0.16	3167
Lab	train	8	0.16	0.18	2263
Lab	train	9	0.18	0.2	1752
Lab	train	10	0.2	0.22	1168
Lab	train	11	0.22	0.24	999
Lab	train	12	0.24	0.26	745
Lab	train	13	0.26	0.28	572
Lab	train	14	0.28	0.3	500
Lab	train	15	0.3	0.32	346
Lab	train	16	0.32	0.34	321
Lab	train	17	0.34	0.36	231
Lab	train	18	0.36	0.38	204
Lab	train	19	0.38	0.4	160
Lab	train	20	0.4	0.42	131
Lab	train	21	0.42	0.44	120
Lab	train	22	0.44	0.46	97
Lab	train	23	0.46	0.48	72
Lab	train	24	0.48	0.5	57
Lab	train	25	0.5	0.52	45
Lab	train	26	0.52	0.54	50
Lab	train	27	0.54	0.56	38
Lab	train	28	0.56	0.58	38
Lab	train	29	0.58	0.6	16
Lab	train	30	0.6	0.62	27
Lab	train	31	0.62	0.64	25
Lab	train	32	0.64	0.66	12
Lab	train	33	0.66	0.68	23
Lab	train	34	0.68	0.7	6
Lab	train	35	0.7	0.72	8
Lab	train	36	0.72	0.74	6
Lab	train	37	0.74	0.76	6
Lab	train	38	0.76	0.78	2
Lab	train	39	0.78	0.8	4
Lab	train	40	0.8	0.82	3
Lab	train	41	0.82	0.84	5
Lab	train	42	0.84	0.86	0
Lab	train	43	0.86	0.88	2
Lab	train	44	0.88	0.9	1
Lab	train	45	0.9	0.92	1
Lab	train	46	0.92	0.94	0
Lab	train	47	0.94	0.96	1
Lab	train	48	0.96	0.98	0
Lab	train	49	0.98	1	2
Lab	test	0	0	0.02	0
Lab	test	1	0.02	0.04	0
Lab	test	2	0.04	0.06	1
Lab	test	3	0.06	0.08	108
Lab	test	4	0.08	0.1	657
Lab	test	5	0.1	0.12	1298
Lab	test	6	0.12	0.14	1054
Lab	test	7	0.14	0.16	815
Lab	test	8	0.16	0.18	588
Lab	test	9	0.18	0.2	407
Lab	test	10	0.2	0.22	290
Lab	test	11	0.22	0.24	263
Lab	test	12	0.24	0.26	203
Lab	test	13	0.26	0.28	146
Lab	test	14	0.28	0.3	100
Lab	test	15	0.3	0.32	109
Lab	test	16	0.32	0.34	81
Lab	test	17	0.34	0.36	61
Lab	test	18	0.36	0.38	51
Lab	test	19	0.38	0.4	48
Lab	test	20	0.4	0.42	29
Lab	test	21	0.42	0.44	27
Lab	test	22	0.44	0.46	28
Lab	test	23	0.46	0.48	24
Lab	test	24	0.48	0.5	18
Lab	test	25	0.5	0.52	24
Lab	test	26	0.52	0.54	14
Lab	test	27	0.54	0.56	13
Lab	test	28	0.56	0.58	9
Lab	test	29	0.58	0.6	9
Lab	test	30	0.6	0.62	5
Lab	test	31	0.62	0.64	3
Lab	test	32	0.64	0.66	5
Lab	test	33	0.66	0.68	3
Lab	test	34	0.68	0.7	2
Lab	test	35	0.7	0.72	4
Lab	test	36	0.72	0.74	1
Lab	test	37	0.74	0.76	2
Lab	test	38	0.76	0.78	2
Lab	test	39	0.78	0.8	4
Lab	test	40	0.8	0.82	1
Lab	test	41	0.82	0.84	0
Lab	test	42	0.84	0.86	0
Lab	test	43	0.86	0.88	0
Lab	test	44	0.88	0.9	2
Lab	test	45	0.9	0.92	2
Lab	test	46	0.92	0.94	0
Lab	test	47	0.94	0.96	0
Lab	test	48	0.96	0.98	0
Lab	test	49	0.98	1	0
Pb	train	0	0	0.02	0
Pb	train	1	0.02	0.04	0
Pb	train	2	0.04	0.06	0
Pb	train	3	0.06	0.08	0
Pb	train	4	0.08	0.1	0
Pb	train	5	0.1	0.12	0
Pb	train	6	0.12	0.14	18
Pb	train	7	0.14	0.16	253
Pb	train	8	0.16	0.18	2034
Pb	train	9	0.18	0.2	7060
Pb	train	10	0.2	0.22	14521
Pb	train	11	0.22	0.24	22875
Pb	train	12	0.24	0.26	27855
Pb	train	13	0.26	0.28	26475
Pb	train	14	0.28	0.3	22605
Pb	train	15	0.3	0.32	17304
Pb	train	16	0.32	0.34	12910
Pb	train	17	0.34	0.36	9349
Pb	train	18	0.36	0.38	6385
Pb	train	19	0.38	0.4	4358
Pb	train	20	0.4	0.42	2781
Pb	train	21	0.42	0.44	1925
Pb	train	22	0.44	0.46	1201
Pb	train	23	0.46	0.48	872
Pb	train	24	0.48	0.5	553
Pb	train	25	0.5	0.52	351
Pb	train	26	0.52	0.54	247
Pb	train	27	0.54	0.56	163
Pb	train	28	0.56	0.58	115
Pb	train	29	0.58	0.6	71
Pb	train	30	0.6	0.62	55
Pb	train	31	0.62	0.64	33
Pb	train	32	0.64	0.66	26
Pb	train	33	0.66	0.68	19
Pb	train	34	0.68	0.7	11
Pb	train	35	0.7	0.72	10
Pb	train	36	0.72	0.74	7
Pb	train	37	0.74	0.76	7
Pb	train	38	0.76	0.78	7
Pb	train	39	0.78	0.8	7
Pb	train	40	0.8	0.82	7
Pb	train	41	0.82	0.84	4
Pb	train	42	0.84	0.86	4
Pb	train	43	0.86	0.88	2
Pb	train	44	0.88	0.9	1
Pb	train	45	0.9	0.92	4
Pb	train	46	0.92	0.94	1
Pb	train	47	0.94	0.96	2
Pb	train	48	0.96	0.98	0
Pb	train	49	0.98	1	2
Pb	test	0	0	0.02	0
Pb	test	1	0.02	0.04	0
Pb	test	2	0.04	0.06	0
Pb	test	3	0.06	0.08	0
Pb	test	4	0.08	0.1	0
Pb	test	5	0.1	0.12	0
Pb	test	6	0.12	0.14	2
Pb	test	7	0.14	0.16	64
Pb	test	8	0.16	0.18	504
Pb	test	9	0.18	0.2	1718
Pb	test	10	0.2	0.22	3784
Pb	test	11	0.22	0.24	5680
Pb	test	12	0.24	0.26	7005
Pb	test	13	0.26	0.28	6695
Pb	test	14	0.28	0.3	5603
Pb	test	15	0.3	0.32	4301
Pb	test	16	0.32	0.34	3209
Pb	test	17	0.34	0.36	2251
Pb	test	18	0.36	0.38	1537
Pb	test	19	0.38	0.4	1119
Pb	test	20	0.4	0.42	738
Pb	test	21	0.42	0.44	477
Pb	test	22	0.44	0.46	308
Pb	test	23	0.46	0.48	214
Pb	test	24	0.48	0.5	149
Pb	test	25	0.5	0.52	97
Pb	test	26	0.52	0.54	64
Pb	test	27	0.54	0.56	35
Pb	test	28	0.56	0.58	17
Pb	test	29	0.58	0.6	15
Pb	test	30	0.6	0.62	8
Pb	test	31	0.62	0.64	7
Pb	test	32	0.64	0.66	8
Pb	test	33	0.66	0.68	1
Pb	test	34	0.68	0.7	2
Pb	test	35	0.7	0.72	0
Pb	test	36	0.72	0.74	4
Pb	test	37	0.74	0.76	1
Pb	test	38	0.76	0.78	1
Pb	test	39	0.78	0.8	1
Pb	test	40	0.8	0.82	0
Pb	test	41	0.82	0.84	2
Pb	test	42	0.84	0.86	1
Pb	test	43	0.86	0.88	0
Pb	test	44	0.88	0.9	0
Pb	test	45	0.9	0.92	0
Pb	test	46	0.92	0.94	0
Pb	test	47	0.94	0.96	0
Pb	test	48	0.96	0.98	0
Pb	test	49	0.98	1	1
Scr	train	0	0	0.02	0
Scr	train	1	0.02	0.04	0
Scr	train	2	0.04	0.06	0
Scr	train	3	0.06	0.08	0
Scr	train	4	0.08	0.1	0
Scr	train	5	0.1	0.12	0
Scr	train	6	0.12	0.14	0
Scr	train	7	0.14	0.16	10
Scr	train	8	0.16	0.18	97
Scr	train	9	0.18	0.2	381
Scr	train	10	0.2	0.22	904
Scr	train	11	0.22	0.24	1604
Scr	train	12	0.24	0.26	2348
Scr	train	13	0.26	0.28	2811
Scr	train	14	0.28	0.3	2883
Scr	train	15	0.3	0.32	2584
Scr	train	16	0.32	0.34	2312
Scr	train	17	0.34	0.36	1906
Scr	train	18	0.36	0.38	1605
Scr	train	19	0.38	0.4	1276
Scr	train	20	0.4	0.42	1099
Scr	train	21	0.42	0.44	944
Scr	train	22	0.44	0.46	735
Scr	train	23	0.46	0.48	627
Scr	train	24	0.48	0.5	574
Scr	train	25	0.5	0.52	487
Scr	train	26	0.52	0.54	379
Scr	train	27	0.54	0.56	327
Scr	train	28	0.56	0.58	263
Scr	train	29	0.58	0.6	262
Scr	train	30	0.6	0.62	203
Scr	train	31	0.62	0.64	166
Scr	train	32	0.64	0.66	155
Scr	train	33	0.66	0.68	112
Scr	train	34	0.68	0.7	90
Scr	train	35	0.7	0.72	87
Scr	train	36	0.72	0.74	67
Scr	train	37	0.74	0.76	61
Scr	train	38	0.76	0.78	48
Scr	train	39	0.78	0.8	46
Scr	train	40	0.8	0.82	32
Scr	train	41	0.82	0.84	23
Scr	train	42	0.84	0.86	22
Scr	train	43	0.86	0.88	18
Scr	train	44	0.88	0.9	13
Scr	train	45	0.9	0.92	7
Scr	train	46	0.92	0.94	8
Scr	train	47	0.94	0.96	4
Scr	train	48	0.96	0.98	5
Scr	train	49	0.98	1	6
Scr	test	0	0	0.02	0
Scr	test	1	0.02	0.04	0
Scr	test	2	0.04	0.06	0
Scr	test	3	0.06	0.08	0
Scr	test	4	0.08	0.1	0
Scr	test	5	0.1	0.12	0
Scr	test	6	0.12	0.14	1
Scr	test	7	0.14	0.16	2
Scr	test	8	0.16	0.18	27
Scr	test	9	0.18	0.2	103
Scr	test	10	0.2	0.22	208
Scr	test	11	0.22	0.24	388
Scr	test	12	0.24	0.26	605
Scr	test	13	0.26	0.28	661
Scr	test	14	0.28	0.3	691
Scr	test	15	0.3	0.32	667
Scr	test	16	0.32	0.34	595
Scr	test	17	0.34	0.36	514
Scr	test	18	0.36	0.38	399
Scr	test	19	0.38	0.4	309
Scr	test	20	0.4	0.42	272
Scr	test	21	0.42	0.44	229
Scr	test	22	0.44	0.46	204
Scr	test	23	0.46	0.48	156
Scr	test	24	0.48	0.5	125
Scr	test	25	0.5	0.52	118
Scr	test	26	0.52	0.54	96
Scr	test	27	0.54	0.56	89
Scr	test	28	0.56	0.58	83
Scr	test	29	0.58	0.6	57
Scr	test	30	0.6	0.62	56
Scr	test	31	0.62	0.64	44
Scr	test	32	0.64	0.66	36
Scr	test	33	0.66	0.68	26
Scr	test	34	0.68	0.7	19
Scr	test	35	0.7	0.72	18
Scr	test	36	0.72	0.74	11
Scr	test	37	0.74	0.76	16
Scr	test	38	0.76	0.78	16
Scr	test	39	0.78	0.8	17
Scr	test	40	0.8	0.82	9
Scr	test	41	0.82	0.84	10
Scr	test	42	0.84	0.86	5
Scr	test	43	0.86	0.88	1
Scr	test	44	0.88	0.9	1
Scr	test	45	0.9	0.92	8
Scr	test	46	0.92	0.94	2
Scr	test	47	0.94	0.96	1
Scr	test	48	0.96	0.98	1
Scr	test	49	0.98	1	1
Ubx	train	0	0	0.02	0
Ubx	train	1	0.02	0.04	0
Ubx	train	2	0.04	0.06	0
Ubx	train	3	0.06	0.08	0
Ubx	train	4	0.08	0.1	1
Ubx	train	5	0.1	0.12	63
Ubx	train	6	0.12	0.14	646
Ubx	train	7	0.14	0.16	2059
Ubx	train	8	0.16	0.18	4010
Ubx	train	9	0.18	0.2	4611
Ubx	train	10	0.2	0.22	4125
Ubx	train	11	0.22	0.24	3531
Ubx	train	12	0.24	0.26	2792
Ubx	train	13	0.26	0.28	2133
Ubx	train	14	0.28	0.3	1689
Ubx	train	15	0.3	0.32	1503
Ubx	train	16	0.32	0.34	1199
Ubx	train	17	0.34	0.36	1019
Ubx	train	18	0.36	0.38	702
Ubx	train	19	0.38	0.4	553
Ubx	train	20	0.4	0.42	441
Ubx	train	21	0.42	0.44	425
Ubx	train	22	0.44	0.46	386
Ubx	train	23	0.46	0.48	358
Ubx	train	24	0.48	0.5	291
Ubx	train	25	0.5	0.52	264
Ubx	train	26	0.52	0.54	194
Ubx	train	27	0.54	0.56	174
Ubx	train	28	0.56	0.58	132
Ubx	train	29	0.58	0.6	114
Ubx	train	30	0.6	0.62	95
Ubx	train	31	0.62	0.64	103
Ubx	train	32	0.64	0.66	77
Ubx	train	33	0.66	0.68	57
Ubx	train	34	0.68	0.7	52
Ubx	train	35	0.7	0.72	52
Ubx	train	36	0.72	0.74	26
Ubx	train	37	0.74	0.76	23
Ubx	train	38	0.76	0.78	16
Ubx	train	39	0.78	0.8	11
Ubx	train	40	0.8	0.82	20
Ubx	train	41	0.82	0.84	12
Ubx	train	42	0.84	0.86	5
Ubx	train	43	0.86	0.88	5
Ubx	train	44	0.88	0.9	4
Ubx	train	45	0.9	0.92	2
Ubx	train	46	0.92	0.94	2
Ubx	train	47	0.94	0.96	1
Ubx	train	48	0.96	0.98	1
Ubx	train	49	0.98	1	1
Ubx	test	0	0	0.02	0
Ubx	test	1	0.02	0.04	0
Ubx	test	2	0.04	0.06	0
Ubx	test	3	0.06	0.08	0
Ubx	test	4	0.08	0.1	0
Ubx	test	5	0.1	0.12	20
Ubx	test	6	0.12	0.14	172
Ubx	test	7	0.14	0.16	550
Ubx	test	8	0.16	0.18	988
Ubx	test	9	0.18	0.2	1210
Ubx	test	10	0.2	0.22	1100
Ubx	test	11	0.22	0.24	922
Ubx	test	12	0.24	0.26	624
Ubx	test	13	0.26	0.28	526
Ubx	test	14	0.28	0.3	413
Ubx	test	15	0.3	0.32	354
Ubx	test	16	0.32	0.34	279
Ubx	test	17	0.34	0.36	279
Ubx	test	18	0.36	0.38	170
Ubx	test	19	0.38	0.4	140
Ubx	test	20	0.4	0.42	98
Ubx	test	21	0.42	0.44	106
Ubx	test	22	0.44	0.46	89
Ubx	test	23	0.46	0.48	85
Ubx	test	24	0.48	0.5	63
Ubx	test	25	0.5	0.52	49
Ubx	test	26	0.52	0.54	52
Ubx	test	27	0.54	0.56	33
Ubx	test	28	0.56	0.58	28
Ubx	test	29	0.58	0.6	31
Ubx	test	30	0.6	0.62	17
Ubx	test	31	0.62	0.64	21
Ubx	test	32	0.64	0.66	12
Ubx	test	33	0.66	0.68	20
Ubx	test	34	0.68	0.7	12
Ubx	test	35	0.7	0.72	5
Ubx	test	36	0.72	0.74	8
Ubx	test	37	0.74	0.76	2
Ubx	test	38	0.76	0.78	8
Ubx	test	39	0.78	0.8	0
Ubx	test	40	0.8	0.82	1
Ubx	test	41	0.82	0.84	2
Ubx	test	42	0.84	0.86	1
Ubx	test	43	0.86	0.88	2
Ubx	test	44	0.88	0.9	0
Ubx	test	45	0.9	0.92	0
Ubx	test	46	0.92	0.94	0
Ubx	test	47	0.94	0.96	2
Ubx	test	48	0.96	0.98	0
Ubx	test	49	0.98	1	1
