y_true,pred_ridge,pred_transformer
4.237845420837402,4.222752571105957,4.280630111694336
3.8903093338012695,3.9845118522644043,4.016445636749268
3.7026889324188232,3.8226394653320312,3.697613000869751
3.989004611968994,3.9484472274780273,3.9367012977600098
3.974787950515747,4.059274673461914,4.0331244468688965
4.525459289550781,4.379363059997559,4.551394939422607
3.9302356243133545,3.837024688720703,4.064217567443848
4.097708225250244,4.171514987945557,4.2063493728637695
4.318272113800049,4.220398426055908,4.141329288482666
4.190863609313965,4.181448459625244,4.06156063079834
3.898231267929077,3.977023124694824,3.9534668922424316
4.113207817077637,4.043768882751465,4.029182434082031
4.465665340423584,4.407419681549072,4.4076337814331055
4.544799327850342,4.441253662109375,4.172641754150391
4.4167070388793945,4.30873966217041,4.211876392364502
3.8296897411346436,3.8780717849731445,3.8394062519073486
3.930999994277954,3.8478102684020996,3.5837080478668213
4.341434478759766,4.344084739685059,4.412204265594482
3.958420515060425,3.6418936252593994,3.691696882247925
3.9176104068756104,3.6302590370178223,3.62727427482605
3.9803216457366943,4.064407825469971,3.9932780265808105
3.8993825912475586,4.039313316345215,4.089584827423096
4.47113037109375,4.440805912017822,4.508910655975342
4.088065147399902,4.079192161560059,4.076021671295166
4.10202169418335,4.105513572692871,4.098407745361328
3.9503161907196045,3.9717979431152344,3.9222590923309326
3.958181381225586,3.8333027362823486,4.053754806518555
3.826463460922241,4.00607442855835,3.8105196952819824
4.492718696594238,4.37939977645874,4.476140975952148
3.8935399055480957,3.850884437561035,3.960043430328369
3.8804705142974854,3.867116689682007,3.817864179611206
4.116972923278809,4.0301289558410645,3.9196105003356934
3.9628899097442627,3.936798572540283,3.9412918090820312
3.9856510162353516,4.047483921051025,4.096337795257568
4.063783645629883,4.169821262359619,4.018398761749268
4.039334774017334,4.062021732330322,4.102546691894531
3.878521680831909,3.846397876739502,3.9924724102020264
4.518316268920898,4.4222517013549805,4.573233604431152
4.200658798217773,4.193630695343018,4.17893648147583
3.966657876968384,4.047569274902344,4.013176441192627
3.851991653442383,3.9436826705932617,3.9329745769500732
4.0044074058532715,4.217767238616943,3.9007771015167236
4.498448371887207,4.407366752624512,4.480838775634766
3.793161630630493,3.927673578262329,3.835315704345703
4.022098064422607,4.160048007965088,4.086812496185303
4.009450912475586,3.888810634613037,4.0782904624938965
4.075875282287598,4.024349689483643,3.9820332527160645
4.4933881759643555,4.407075881958008,4.542055130004883
3.9234511852264404,3.975048542022705,3.9092824459075928
4.327175140380859,4.275777339935303,4.310559272766113
3.9613735675811768,4.0248823165893555,3.8804068565368652
3.9137609004974365,4.053638458251953,4.052393913269043
4.03265905380249,4.26102352142334,3.998325824737549
4.314309597015381,4.341555118560791,4.273414611816406
4.044265270233154,4.081310749053955,3.9101266860961914
3.748807907104492,3.781222343444824,3.78956937789917
4.492802143096924,4.434787750244141,4.458683013916016
3.925466775894165,3.969608783721924,3.8337478637695312
3.9540493488311768,3.995738983154297,3.886671543121338
3.9986515045166016,3.966726779937744,3.909986734390259
4.005180358886719,3.992295026779175,3.9970123767852783
3.9586594104766846,3.9161548614501953,3.819918155670166
3.929776430130005,4.153863430023193,3.604771852493286
4.177853584289551,4.166288375854492,4.059558391571045
4.280373573303223,4.2322258949279785,4.3368239402771
4.333306312561035,4.29227352142334,4.370084285736084
4.271306991577148,4.1451616287231445,4.2780256271362305
3.864807605743408,3.959146499633789,3.8195433616638184
3.950023889541626,3.864335536956787,4.000008583068848
4.336919784545898,4.328421115875244,4.370641231536865
4.406045913696289,4.4329447746276855,4.524247169494629
3.7638022899627686,3.9544992446899414,3.8803465366363525
4.114177227020264,4.114145755767822,3.918943405151367
4.368956089019775,4.285835266113281,4.405575752258301
3.9321184158325195,3.838242769241333,4.054990291595459
4.6715803146362305,4.378826141357422,4.536831855773926
4.053731441497803,4.15181827545166,3.9708681106567383
4.002209186553955,3.887894630432129,3.979590892791748
3.880927801132202,3.851242780685425,3.913243293762207
4.019656181335449,4.023344039916992,3.8919363021850586
3.8454701900482178,3.807610273361206,3.823549509048462
4.443153381347656,4.405473709106445,4.324615478515625
4.085326194763184,4.173845291137695,4.062492847442627
4.2932963371276855,4.221079349517822,4.3366498947143555
3.872039556503296,3.88531494140625,3.9752399921417236
4.116906642913818,4.14219331741333,4.128406524658203
4.016782760620117,4.2493577003479,3.9566164016723633
4.160828590393066,4.20014762878418,4.098452568054199
3.8984508514404297,4.031644344329834,3.811544418334961
4.0110626220703125,4.142426490783691,4.0593414306640625
3.943692445755005,3.9821527004241943,3.9993972778320312
3.990072250366211,4.237178802490234,3.9329285621643066
3.943247079849243,4.233226299285889,4.018995761871338
4.051036834716797,4.312601566314697,4.060155391693115
4.057742118835449,3.9183244705200195,4.084886074066162
3.827756881713867,3.7843194007873535,3.74257230758667
3.930694341659546,4.068938732147217,3.956956624984741
4.396617889404297,4.268095970153809,4.42528772354126
4.52930212020874,4.4166483879089355,4.5015058517456055
4.036468982696533,3.9589993953704834,3.9308173656463623
4.328583240509033,4.111965179443359,4.037267684936523
4.15280818939209,4.063051223754883,3.9606733322143555
4.35285758972168,4.244495391845703,4.273106098175049
3.7733476161956787,3.8658509254455566,3.782008171081543
4.63463830947876,4.4571685791015625,4.54642391204834
4.063033103942871,4.061267375946045,3.9883179664611816
3.8591983318328857,3.7656970024108887,3.778282880783081
3.948364019393921,3.851257562637329,3.869168758392334
4.101815700531006,4.167751312255859,3.8601810932159424
4.129947662353516,4.186912536621094,3.9302401542663574
4.084433078765869,4.009650230407715,4.018141746520996
4.51840877532959,4.446518898010254,4.417082786560059
4.033745288848877,4.150174140930176,4.143803119659424
3.882638454437256,3.7350821495056152,3.8507893085479736
3.7309436798095703,3.9284205436706543,3.485934019088745
3.955735921859741,4.002233982086182,4.02514123916626
3.861534357070923,3.9234066009521484,3.9992902278900146
4.471658229827881,4.459070205688477,4.372978210449219
3.8762755393981934,3.9591054916381836,3.939749240875244
4.2285542488098145,4.27652645111084,4.033333778381348
4.158814430236816,4.08107852935791,4.163735866546631
3.9970803260803223,3.977689266204834,4.246846675872803
4.047275066375732,3.885510206222534,3.904764175415039
3.97501802444458,3.9305062294006348,3.988086700439453
4.007534503936768,3.9671263694763184,4.10422420501709
4.088419437408447,4.028007507324219,4.131591320037842
3.9572720527648926,4.063630104064941,4.005844593048096
3.9778149127960205,4.032427787780762,4.028554916381836
4.093456745147705,4.068912982940674,4.113377571105957
3.959423065185547,4.060164451599121,4.116139888763428
4.3049211502075195,4.201557636260986,4.288206100463867
3.9147660732269287,3.8805060386657715,3.8543176651000977
4.4471116065979,4.45052433013916,4.569769859313965
4.196673393249512,4.251025199890137,4.425156116485596
4.353185176849365,4.305998802185059,4.545466423034668
4.051075458526611,4.232803821563721,3.9952244758605957
3.976945638656616,3.6455776691436768,3.7076244354248047
4.31943941116333,4.214651584625244,4.3337721824646
4.032336711883545,4.031163215637207,4.0407915115356445
3.9528892040252686,3.9837863445281982,4.043860912322998
4.0959014892578125,4.124821186065674,3.9525797367095947
4.605207920074463,4.457569122314453,4.513737678527832
3.889469861984253,3.994539260864258,3.8240773677825928
4.420319080352783,4.338832378387451,4.585812568664551
3.7209856510162354,3.9339041709899902,3.5479354858398438
4.513603687286377,4.335386276245117,4.511709213256836
3.957415819168091,4.017804145812988,4.035831928253174
4.24978494644165,4.270551681518555,4.2231621742248535
3.883150100708008,3.996802568435669,3.8486032485961914
3.979001760482788,4.217501640319824,3.984222888946533
4.375370979309082,4.27905797958374,4.447656154632568
4.512711048126221,4.359360218048096,4.579753875732422
4.054498195648193,3.9888525009155273,3.8643441200256348
3.991403341293335,3.799048900604248,3.767300605773926
4.1596574783325195,4.1136274337768555,4.102795124053955
4.067405700683594,4.140218257904053,4.095473289489746
3.839540958404541,3.883817672729492,3.8412890434265137
3.996248960494995,4.092357158660889,3.9091053009033203
3.969555616378784,3.836700916290283,3.855679988861084
4.101918697357178,4.082070350646973,4.0293426513671875
4.003072738647461,4.017458438873291,3.8940744400024414
3.8103668689727783,3.8495166301727295,3.831589698791504
4.061188697814941,4.072613716125488,4.023522853851318
4.108835697174072,4.193960189819336,4.190821647644043
3.8361973762512207,3.953300952911377,3.83876895904541
3.9344985485076904,3.9902756214141846,4.001204490661621
4.47520637512207,4.352998733520508,4.561915397644043
4.463101387023926,4.383995532989502,4.426938056945801
3.792041301727295,3.8607728481292725,3.5839364528656006
3.970160961151123,4.167826175689697,3.8842806816101074
3.8224949836730957,3.8447561264038086,3.812802791595459
4.488889217376709,4.364861488342285,4.371130466461182
4.538121223449707,4.387628078460693,4.464756965637207
4.464742660522461,4.4631452560424805,4.458562850952148
3.8304603099823,3.9655544757843018,3.900968074798584
3.8699939250946045,3.8293228149414062,3.750916004180908
4.1079559326171875,4.187283515930176,4.123788833618164
4.01494026184082,4.003008842468262,3.917053699493408
3.8161749839782715,3.866036891937256,3.9526357650756836
4.222950458526611,4.158185005187988,4.302731990814209
4.421077251434326,4.382744789123535,4.053746700286865
3.9937007427215576,3.8269169330596924,3.785745859146118
3.901240348815918,3.8385558128356934,3.957178831100464
3.9108376502990723,4.020343780517578,4.0117292404174805
3.9442851543426514,3.9439868927001953,4.165233612060547
3.8427340984344482,3.979188919067383,3.69770884513855
4.553045272827148,4.419548988342285,4.469290733337402
4.377069473266602,4.331109046936035,4.272182941436768
3.9322707653045654,3.9584922790527344,3.897308349609375
3.833847999572754,3.8445401191711426,3.775461196899414
3.803661823272705,3.862483501434326,3.7709827423095703
3.8248414993286133,3.881941795349121,3.967377185821533
4.425354957580566,4.298023700714111,4.421078681945801
3.811842918395996,3.882000684738159,3.978563070297241
4.083036422729492,4.045760154724121,4.177786827087402
4.019656181335449,4.123945713043213,4.186892509460449
3.7742249965667725,3.8237133026123047,3.7406694889068604
4.076967716217041,4.099691390991211,4.106686115264893
4.5090813636779785,4.427968978881836,4.4269914627075195
3.9654839038848877,3.5539839267730713,3.701230049133301
4.063070297241211,4.049787521362305,4.236035346984863
4.25897216796875,4.185634613037109,4.355055332183838
4.349782466888428,4.297213554382324,4.171546459197998
3.989271879196167,3.9430058002471924,3.9666619300842285
4.533403396606445,4.422229766845703,4.5670976638793945
4.225722789764404,3.9951179027557373,4.247541904449463
4.116939544677734,4.072641372680664,4.004796028137207
3.879669189453125,3.9449901580810547,3.8804054260253906
4.260786533355713,4.274651527404785,4.350015640258789
4.533288955688477,4.495813369750977,4.439334869384766
4.746096611022949,4.5990400314331055,4.589530944824219
4.308948516845703,4.291535377502441,4.4338059425354
3.9864583015441895,4.047669410705566,4.133633136749268
4.036628723144531,4.104540824890137,3.9815104007720947
3.838912010192871,3.844621419906616,3.780958414077759
4.460386753082275,4.376408100128174,4.534502029418945
3.9700677394866943,3.998878240585327,4.002148628234863
3.9837615489959717,4.084771156311035,4.108829021453857
3.8273046016693115,3.935661792755127,3.979578971862793
3.927421808242798,3.8550636768341064,3.964097499847412
3.745387077331543,3.8015120029449463,3.7853569984436035
4.140130996704102,4.164348125457764,4.006292819976807
4.149003505706787,4.167601585388184,4.147801876068115
4.303066253662109,4.268575668334961,4.414858341217041
3.9996089935302734,3.9869067668914795,3.974276542663574
4.088419437408447,4.045002460479736,4.100802421569824
3.8581762313842773,3.9311280250549316,3.766261100769043
4.00277042388916,3.975322961807251,3.8490631580352783
4.054383277893066,4.026033401489258,4.057397365570068
4.064607620239258,4.170173168182373,3.9118075370788574
4.180555820465088,4.143477916717529,4.171354293823242
4.648789405822754,4.428005695343018,4.641790866851807
3.8603978157043457,3.8281681537628174,3.69580078125
3.9010767936706543,3.8390445709228516,3.904306650161743
4.561816692352295,4.397049427032471,4.517610549926758
4.003848075866699,4.083214282989502,3.9391841888427734
4.071071624755859,4.127458095550537,4.132174015045166
3.9964678287506104,4.032853603363037,3.910626173019409
3.846646308898926,3.987492322921753,3.893282413482666
4.116873264312744,4.256937026977539,3.972956657409668
3.9084312915802,3.9457693099975586,3.9032578468322754
3.8532721996307373,3.8307554721832275,3.9183456897735596
4.005909442901611,4.003316402435303,4.042527675628662
3.8993825912475586,4.007360935211182,3.9858736991882324
4.4609880447387695,4.383678436279297,4.469079494476318
4.379957675933838,4.283695220947266,3.861708402633667
4.046807289123535,4.137172222137451,3.9919705390930176
4.019199371337891,4.0496015548706055,4.013818740844727
4.084754943847656,4.110224723815918,4.059937477111816
4.454860210418701,4.378276824951172,4.429574966430664
3.8993825912475586,4.018620014190674,3.926297187805176
4.556483268737793,4.389647960662842,4.547494411468506
3.981229543685913,4.0085625648498535,4.008791446685791
4.0936665534973145,4.1162190437316895,4.073830604553223
3.853698253631592,3.9755606651306152,3.893900156021118
4.37324333190918,4.3413543701171875,4.476841926574707
3.9801852703094482,4.004465103149414,4.014921188354492
4.514308452606201,4.482508659362793,4.4731645584106445
3.9590413570404053,3.8017306327819824,3.6668643951416016
4.019988059997559,4.121057987213135,4.009456157684326
3.9147133827209473,3.8755156993865967,4.013491153717041
4.050418376922607,4.10693359375,4.04142951965332
4.2459564208984375,4.214258670806885,4.232938289642334
4.047547340393066,4.123683929443359,4.079168319702148
4.105271816253662,3.994858741760254,4.055243968963623
4.189377784729004,4.129306793212891,4.331004619598389
3.8830366134643555,3.9617276191711426,3.9630799293518066
3.8552768230438232,3.8038902282714844,3.82806396484375
4.28391170501709,4.321529388427734,4.2845988273620605
3.9874427318573,4.229009628295898,3.9775381088256836
3.926908016204834,3.946223258972168,3.8852100372314453
3.9306435585021973,3.966111183166504,3.937499761581421
4.108429908752441,4.048582077026367,4.234785556793213
4.257246494293213,4.17573881149292,4.169772624969482
4.079217433929443,4.090114593505859,4.122928142547607
3.9455671310424805,3.9489235877990723,3.983851432800293
3.9061734676361084,3.7945480346679688,3.767812967300415
4.337479114532471,4.336248397827148,4.335186958312988
3.9623219966888428,3.9517111778259277,4.021421909332275
4.186899662017822,4.070460319519043,4.036340236663818
4.0128374099731445,3.986849784851074,4.026724815368652
3.9384195804595947,4.004343509674072,4.003812789916992
4.115110874176025,4.188328266143799,4.172784328460693
3.9709508419036865,4.019097328186035,3.8504137992858887
4.139690399169922,4.183452606201172,4.17011022567749
3.9886481761932373,3.9979898929595947,3.892016887664795
4.115843296051025,4.092483043670654,4.097544193267822
4.101196765899658,4.190103530883789,4.039175033569336
4.595341682434082,4.436215400695801,4.516904830932617
4.3018975257873535,4.31853723526001,4.293010711669922
4.3352370262146,4.294163227081299,4.443235397338867
4.127590656280518,4.1798014640808105,4.090958595275879
4.072911262512207,4.090818405151367,4.082176685333252
3.966141700744629,4.010662078857422,3.89875864982605
3.810770034790039,3.920051097869873,3.950847625732422
3.848681688308716,3.93918514251709,3.869381904602051
4.094645977020264,4.13693380355835,4.222677707672119
3.8449740409851074,3.829800605773926,3.7029757499694824
3.7725417613983154,3.826289176940918,3.7899227142333984
4.4395222663879395,4.397344589233398,4.406769275665283
3.887223243713379,4.018133163452148,3.955866575241089
3.924175977706909,3.9795618057250977,3.87982439994812
3.9755237102508545,4.063324928283691,4.047584533691406
3.9321184158325195,4.05064058303833,3.957570791244507
4.122150421142578,4.138546466827393,4.050057888031006
3.9555435180664062,4.015687465667725,4.104010581970215
4.080554485321045,4.068269729614258,3.866339683532715
4.5966081619262695,4.491185665130615,4.60308313369751
3.80753493309021,3.710298538208008,3.892299175262451
4.503586292266846,4.418451309204102,4.510517597198486
3.771146297454834,3.7977771759033203,3.8581252098083496
4.088773727416992,3.9919445514678955,3.9957332611083984
4.537277698516846,4.501527309417725,4.516343593597412
4.074779987335205,4.12559175491333,4.100793838500977
3.9451730251312256,3.9811782836914062,3.92671799659729
3.8427340984344482,3.568708896636963,3.726323127746582
4.316997051239014,4.256735324859619,4.500216960906982
4.023622989654541,4.063661098480225,4.111489772796631
4.00073766708374,4.085751533508301,3.9337575435638428
3.904228448867798,3.9190330505371094,4.02223014831543
4.533517837524414,4.46568489074707,4.4156293869018555
3.7517409324645996,3.8369765281677246,3.76340913772583
3.9978229999542236,4.0577592849731445,3.8584110736846924
4.093876838684082,4.224523067474365,4.161699295043945
3.9020028114318848,3.920783758163452,3.67289137840271
3.8694663047790527,3.8966832160949707,3.9245316982269287
3.914977550506592,4.146833419799805,3.764894485473633
4.460476875305176,4.316884517669678,4.2700347900390625
4.053232192993164,4.101251125335693,3.995227098464966
4.318272113800049,4.135124683380127,4.226449966430664
4.542364597320557,4.408198356628418,4.368182182312012
4.016406536102295,4.134764671325684,3.9477360248565674
4.070960998535156,3.940206527709961,4.0149970054626465
3.9898500442504883,4.070018291473389,3.9296233654022217
3.933335304260254,3.8588027954101562,3.9202487468719482
4.391058444976807,4.143842697143555,4.252042770385742
4.175134658813477,4.190004348754883,4.044825553894043
3.8217101097106934,3.9333393573760986,3.939115047454834
4.598724842071533,4.526690483093262,4.654105186462402
4.052193641662598,4.165261268615723,4.011119842529297
4.066400527954102,4.132081508636475,4.139495849609375
3.9527440071105957,3.992490291595459,4.016624450683594
4.435669422149658,4.293649196624756,4.265425205230713
3.9758453369140625,3.6066362857818604,3.666853666305542
3.995327949523926,3.9064884185791016,3.96403169631958
4.189265727996826,4.243124008178711,4.187821865081787
4.037585735321045,3.9377379417419434,4.055253505706787
4.2509565353393555,4.266919136047363,4.230992317199707
4.497717380523682,4.409882545471191,4.572443008422852
4.253653049468994,4.284478187561035,4.309810161590576
4.015820503234863,3.9887619018554688,4.068912506103516
3.9869954586029053,4.001893997192383,4.062117099761963
4.352626323699951,4.256606578826904,4.330812931060791
4.091033458709717,4.1288275718688965,4.085782527923584
3.9270107746124268,3.5903778076171875,3.636378765106201
4.521843910217285,4.452254772186279,4.573414325714111
4.0884904861450195,4.126857757568359,3.9837820529937744
4.35345458984375,4.309683799743652,4.251133918762207
3.9931716918945312,4.0746307373046875,4.212502956390381
3.897132158279419,3.5963072776794434,3.75783109664917
4.380211353302002,4.361839294433594,4.464967250823975
3.9588027000427246,3.790977954864502,4.064374923706055
4.438542366027832,4.38572359085083,4.3497772216796875
3.856003522872925,3.7605862617492676,3.7836458683013916
4.0312066078186035,4.097156524658203,4.0223774909973145
4.059487819671631,4.084530830383301,3.9359188079833984
4.1722235679626465,4.176146984100342,4.033020973205566
4.044461250305176,3.9247488975524902,4.087854862213135
4.471247673034668,4.343932628631592,4.488449573516846
4.3234171867370605,4.268342018127441,4.2837910652160645
4.281601428985596,4.281376838684082,4.090764999389648
4.428685188293457,4.342898368835449,4.449441909790039
4.440720081329346,4.390560626983643,4.478903770446777
3.933335304260254,4.0389018058776855,3.810418128967285
4.019240856170654,3.982807159423828,4.116752624511719
4.047196865081787,4.218500137329102,3.9518024921417236
3.89910888671875,3.9486024379730225,3.8556199073791504
4.367206573486328,4.304637908935547,4.266964912414551
3.9718785285949707,3.8775434494018555,4.038878440856934
4.128140449523926,4.087048053741455,4.035915374755859
4.5261969566345215,4.469096660614014,4.556293487548828
4.018908500671387,3.954968214035034,4.0417656898498535
4.355413436889648,4.248561859130859,4.358114242553711
3.843170404434204,3.924699306488037,4.014595031738281
4.005437850952148,3.893047571182251,4.127248764038086
3.902057409286499,3.9605915546417236,3.906301975250244
3.9448280334472656,4.175227165222168,3.7908406257629395
4.034267425537109,4.022799491882324,4.000410079956055
3.9925975799560547,4.075212001800537,4.055666446685791
4.359189987182617,4.331846237182617,4.269794464111328
4.104896545410156,3.9303770065307617,3.9830899238586426
4.446521759033203,4.398115634918213,4.431092262268066
4.184634685516357,4.159946441650391,4.142273426055908
4.323004245758057,4.218908786773682,4.385107517242432
3.983806610107422,4.029253959655762,4.021172523498535
3.7641761302948,3.8109652996063232,3.7741734981536865
4.371529579162598,4.30045747756958,4.409036636352539
3.8171684741973877,3.8480825424194336,3.844367265701294
4.310799598693848,4.243380546569824,4.16143274307251
4.030882835388184,4.111286640167236,4.074790954589844
4.660552501678467,4.435975074768066,4.507275104522705
4.102982044219971,3.9842047691345215,4.055513858795166
3.802500009536743,3.929060220718384,3.824446201324463
4.355183124542236,4.334423065185547,4.405937194824219
4.071476936340332,4.17778205871582,4.160679817199707
3.8624892234802246,3.893401622772217,3.968738555908203
3.7813243865966797,3.777209520339966,3.5806195735931396
3.9062273502349854,4.1110100746154785,3.8468871116638184
4.096527576446533,4.170882701873779,4.029054164886475
4.004493236541748,3.90600848197937,3.8937878608703613
4.105442047119141,4.038129806518555,3.930819272994995
3.8004422187805176,3.975121021270752,3.991615056991577
4.087213516235352,4.171009540557861,4.056290149688721
4.067405700683594,4.146143913269043,4.005448341369629
4.2558512687683105,4.160687446594238,4.167134761810303
3.8881232738494873,3.818568468093872,3.8741683959960938
4.104077339172363,4.089062690734863,4.053620338439941
3.981954336166382,3.960455894470215,3.841886520385742
3.9386699199676514,4.02243709564209,4.1020026206970215
4.068816661834717,4.268427848815918,4.0788750648498535
3.7784407138824463,3.8385918140411377,3.797762393951416
3.960803508758545,4.0711517333984375,3.860474109649658
3.9411137104034424,3.944995641708374,3.8792564868927
3.7073147296905518,3.899899959564209,3.732778549194336
3.9668922424316406,4.257317066192627,3.98773193359375
3.8581159114837646,3.6118671894073486,3.7139475345611572
4.1204094886779785,4.041478157043457,4.314752578735352
4.078493118286133,4.189889907836914,4.093967914581299
3.8676443099975586,3.830565929412842,3.812458038330078
3.9823617935180664,4.203166484832764,3.9524807929992676
4.338615894317627,4.389833927154541,4.452795505523682
3.899930000305176,3.8357574939727783,3.8985602855682373
3.8200700283050537,3.9285225868225098,3.848019599914551
4.064869403839111,4.04789400100708,4.086970806121826
3.9829041957855225,4.009749412536621,3.961507558822632
3.7796685695648193,3.8514087200164795,3.712132215499878
4.381277561187744,4.305871963500977,4.482632160186768
4.288607120513916,4.347487926483154,4.45546293258667
4.146841049194336,4.154350757598877,4.113476753234863
4.300812721252441,4.238267421722412,4.285904407501221
3.8328919410705566,3.814927577972412,3.900624990463257
4.379505157470703,4.27438497543335,4.388958930969238
4.01447868347168,3.980329751968384,4.043132781982422
4.13033390045166,4.111520290374756,4.1263017654418945
3.7733476161956787,3.765681028366089,3.8960580825805664
4.012077808380127,3.9836530685424805,3.9605939388275146
3.8563058376312256,3.8106741905212402,3.832838296890259
4.351892948150635,4.119931221008301,4.166840076446533
3.938969850540161,3.833691120147705,4.020630836486816
3.9398186206817627,4.05754280090332,3.9775192737579346
3.9497313499450684,4.007022857666016,4.038891792297363
4.169086456298828,4.165693759918213,4.132893085479736
3.7256667613983154,3.734123945236206,3.864253044128418
3.795393228530884,3.898026704788208,3.623619556427002
3.960660934448242,3.9324066638946533,3.875927686691284
4.166903495788574,4.209094047546387,4.196524620056152
4.062732219696045,4.129977226257324,4.074280261993408
3.954145908355713,4.00662899017334,3.9550204277038574
3.9871296882629395,4.024178981781006,3.9525816440582275
4.068371295928955,4.306837558746338,4.0564165115356445
3.9540493488311768,4.059581756591797,3.8665366172790527
4.017617702484131,4.075244426727295,4.246150493621826
4.06453275680542,3.9888296127319336,3.9464809894561768
3.9116902351379395,3.9441468715667725,3.9015681743621826
4.5652689933776855,4.43397331237793,4.373776435852051
3.956984281539917,3.9734859466552734,3.8708932399749756
4.0473527908325195,4.052645683288574,4.018139839172363
4.299637794494629,4.308737754821777,4.434699535369873
3.800785779953003,3.8187167644500732,3.734769821166992
4.067777156829834,4.166431427001953,3.991469144821167
3.925621509552002,3.8447766304016113,3.9061813354492188
4.033423900604248,4.134002685546875,4.037284851074219
3.869114398956299,3.9453284740448,3.967303514480591
3.7988576889038086,3.843385696411133,3.813509225845337
3.8646891117095947,4.089969635009766,3.8010361194610596
4.542476654052734,4.4080119132995605,4.531791687011719
4.134017467498779,4.2236175537109375,4.309000492095947
3.9951083660125732,3.941908121109009,3.901512384414673
4.213119029998779,4.252866744995117,4.268483638763428
4.614264488220215,4.416874885559082,4.579370021820068
4.133634567260742,4.137373924255371,3.9024908542633057
4.073461532592773,4.187050819396973,4.034202575683594
4.066437721252441,4.132455825805664,4.068554878234863
4.031569957733154,3.9991323947906494,4.235616683959961
4.063145637512207,4.1099934577941895,4.181334972381592
3.880927801132202,4.005984306335449,3.9427132606506348
3.889413833618164,3.877089023590088,3.857628107070923
3.8530895709991455,3.885871410369873,4.01472282409668
3.859438419342041,3.986300468444824,3.770928382873535
4.046924114227295,4.100246429443359,4.108842849731445
4.257438659667969,4.1603312492370605,4.187357425689697
4.0057806968688965,3.934720516204834,4.054958343505859
3.8290462493896484,4.014657020568848,3.8551430702209473
3.9496827125549316,3.87129545211792,3.9542391300201416
3.8636202812194824,3.982900619506836,3.920423984527588
4.293053150177002,4.313967704772949,4.378767967224121
3.9054720401763916,3.948805809020996,4.024430751800537
3.8406078815460205,3.9609715938568115,4.029770851135254
4.262735843658447,4.319744110107422,4.453521251678467
4.4854230880737305,4.436333656311035,4.457748889923096
4.292145252227783,4.280439376831055,4.363685131072998
3.9090209007263184,3.889814615249634,3.7971086502075195
4.044735908508301,3.983440399169922,3.8610458374023438
4.088419437408447,4.072465896606445,4.158565044403076
4.050766468048096,4.143283367156982,4.028606414794922
4.338078022003174,4.250516414642334,4.351100444793701
3.915452718734741,4.0225372314453125,3.9489924907684326
3.832061529159546,3.845531940460205,3.8276748657226562
4.051383972167969,4.009456157684326,4.009160995483398
4.061866760253906,4.117000579833984,4.046089172363281
4.466689586639404,4.402525424957275,4.544193267822266
4.695411682128906,4.5732269287109375,4.662486553192139
4.308628559112549,4.287862777709961,4.4803972244262695
3.851808547973633,3.8299031257629395,3.793837070465088
4.042575359344482,3.996067523956299,4.106533527374268
3.931762933731079,4.014379024505615,4.084051132202148
4.3471150398254395,4.144804000854492,4.179708480834961
3.790285110473633,3.931116819381714,3.9267690181732178
4.639775276184082,4.56962776184082,4.679183483123779
4.108869552612305,4.0576653480529785,3.9669740200042725
4.219375133514404,4.281039237976074,4.324641704559326
4.298525810241699,4.089756488800049,4.1414618492126465
3.966610908508301,3.966996192932129,3.955667495727539
3.8846254348754883,3.8697381019592285,3.865973711013794
3.873901605606079,3.971593141555786,3.8912062644958496
4.029099464416504,4.102597236633301,4.001667499542236
4.379722595214844,4.26997184753418,4.431728839874268
4.510129451751709,4.412870407104492,4.444464683532715
4.098816871643066,4.151066780090332,4.026238918304443
3.882410764694214,3.7526113986968994,3.849193572998047
4.099956512451172,4.1534953117370605,4.162342548370361
3.929725408554077,3.9435317516326904,3.8696908950805664
3.9590413570404053,3.9747514724731445,4.097448825836182
3.9610886573791504,4.067492485046387,3.8976452350616455
3.8486201763153076,3.7386634349823,3.9540152549743652
4.114043712615967,4.129260540008545,4.038303852081299
4.103050708770752,4.0668792724609375,4.120913505554199
3.962606191635132,4.024526596069336,3.9463255405426025
4.019032955169678,4.02337121963501,3.9833037853240967
4.110724449157715,4.184613227844238,4.016947269439697
3.9886481761932373,3.9933252334594727,4.01669454574585
4.0295867919921875,4.092515468597412,4.051084518432617
4.2757487297058105,4.199069976806641,4.298429489135742
3.9089672565460205,3.8887197971343994,4.027873516082764
4.073461532592773,3.9359679222106934,4.044185161590576
4.031569957733154,4.044829368591309,4.02490758895874
4.1849751472473145,4.123597621917725,4.1935224533081055
4.067666053771973,4.051138401031494,4.046485424041748
3.9123282432556152,4.03162956237793,3.8375561237335205
4.301659107208252,4.185802936553955,4.310445308685303
4.413634777069092,4.361641883850098,4.501599311828613
4.600046634674072,4.417421340942383,4.555388927459717
3.96463680267334,3.8433046340942383,3.978245496749878
3.766040802001953,3.790295124053955,3.7200446128845215
4.136371612548828,4.143458366394043,4.1454758644104
4.057399749755859,4.171543121337891,4.130391597747803
3.971090316772461,4.187861919403076,3.8658456802368164
3.9283957481384277,3.969611167907715,3.886744737625122
3.8260748386383057,3.8629682064056396,3.7861440181732178
4.425745964050293,4.325425624847412,4.345303535461426
3.833019495010376,3.8442349433898926,3.721073627471924
3.760648727416992,3.8922536373138428,3.79577898979187
3.959423065185547,4.018850326538086,3.778791904449463
3.824711561203003,3.8429665565490723,4.032956123352051
3.9856510162353516,3.932915210723877,4.0357985496521
3.9143431186676025,3.8626928329467773,3.84999418258667
4.526261806488037,4.364917755126953,4.439947605133057
4.011950969696045,3.9184107780456543,4.023573875427246
3.9089138507843018,3.865914821624756,3.9864795207977295
4.544564247131348,4.432021141052246,4.5091657638549805
4.0944013595581055,4.1532158851623535,4.113284111022949
4.02501916885376,3.9656803607940674,3.937033176422119
3.9485108852386475,3.985053062438965,3.839320659637451
4.355068206787109,4.350134372711182,4.399007797241211
4.107311725616455,4.225895404815674,4.175097465515137
4.367318630218506,4.295478343963623,4.418535232543945
4.025346755981445,4.022338390350342,4.054402828216553
4.0339460372924805,4.086141586303711,4.052298069000244
3.881270408630371,3.867858409881592,3.9155619144439697
4.070850372314453,4.138442039489746,4.141892910003662
3.953227996826172,4.008162975311279,3.8659451007843018
4.382988929748535,4.29734992980957,4.539796829223633
4.246596813201904,4.30138635635376,4.516712665557861
4.15286922454834,4.1664228439331055,4.111177444458008
4.172077178955078,4.198669910430908,4.080927848815918
3.8174991607666016,3.9636335372924805,3.887424945831299
4.078311920166016,4.206047534942627,4.0368571281433105
3.928856611251831,3.625612735748291,3.6851248741149902
3.966517210006714,4.015347480773926,3.9842188358306885
4.423999309539795,4.314436912536621,4.389678955078125
4.30706787109375,4.2894721031188965,4.204838275909424
4.231596946716309,4.177448272705078,4.273987770080566
3.9873087406158447,4.005600929260254,4.013423442840576
4.0244035720825195,3.971649646759033,3.984926700592041
4.373003959655762,4.326720714569092,4.261357307434082
3.9766249656677246,4.059553623199463,3.9999256134033203
4.25457239151001,4.2585296630859375,4.307519912719727
4.05461311340332,4.023141860961914,4.081838130950928
4.114777565002441,3.9173755645751953,3.87363600730896
4.00877046585083,3.889892816543579,4.044970989227295
4.063107967376709,4.01585578918457,4.073720932006836
3.810434103012085,3.8920445442199707,3.730337381362915
4.4022955894470215,4.269331932067871,4.299206256866455
4.053078651428223,4.015841960906982,4.090009689331055
4.111262321472168,4.127307415008545,4.035041809082031
3.942256212234497,4.220226287841797,3.903045415878296
4.168821334838867,4.122443675994873,4.1429123878479
4.086573600769043,4.00376033782959,4.259154319763184
4.429397106170654,4.420897960662842,4.434638023376465
3.84744930267334,3.996145248413086,3.9131691455841064
4.277586460113525,4.220795154571533,4.039360046386719
3.9172427654266357,3.7941367626190186,3.626638174057007
4.090152263641357,4.0794677734375,4.093906402587891
3.8314857482910156,3.806497812271118,3.799001693725586
4.174001693725586,4.124305725097656,4.137355804443359
3.9811387062072754,4.066411018371582,4.0679473876953125
4.085147857666016,4.0878400802612305,4.079503536224365
4.048985481262207,4.150979042053223,3.990389108657837
4.032900810241699,4.237227439880371,3.9980719089508057
4.0797600746154785,4.259385585784912,3.989548444747925
4.023087978363037,3.989102602005005,3.9337215423583984
3.9537596702575684,3.971771717071533,4.031350612640381
4.296730995178223,4.264261722564697,4.448469638824463
4.2157697677612305,4.234167098999023,4.235967636108398
4.363968849182129,4.205338954925537,4.295870780944824
3.9976484775543213,3.9862661361694336,4.033714294433594
4.023293495178223,3.9563546180725098,4.105615615844727
3.894205331802368,3.891839027404785,3.88836932182312
3.9340436458587646,3.919492483139038,3.671917676925659
3.8911471366882324,3.9688937664031982,3.923595428466797
4.092790603637695,4.12103271484375,4.161386966705322
4.313170909881592,4.251548767089844,4.339036464691162
4.049062728881836,4.083433628082275,4.153219699859619
3.9730353355407715,4.092702865600586,3.951780080795288
3.8813276290893555,3.9318912029266357,3.969073534011841
3.9679689407348633,4.097917079925537,4.0424957275390625
3.975477695465088,4.107655048370361,4.134871482849121
3.9765334129333496,4.113137245178223,4.123231887817383
3.8905887603759766,3.9617371559143066,3.914677619934082
3.931610345840454,4.093036651611328,3.7411680221557617
4.0187835693359375,4.0307183265686035,4.15469217300415
4.1155104637146,4.145046234130859,4.137670040130615
4.352471828460693,4.307344436645508,4.3074564933776855
4.4313154220581055,4.318375110626221,4.43647575378418
4.100439548492432,3.992755889892578,4.017666339874268
4.509525299072266,4.404597282409668,4.55740213394165
4.039493560791016,4.027104377746582,4.120830535888672
3.934448003768921,3.8207828998565674,4.018131256103516
4.080121040344238,4.031757831573486,4.1226725578308105
3.9667515754699707,3.9912326335906982,3.9913442134857178
4.211841106414795,4.238056659698486,4.184701919555664
4.2746195793151855,4.125272274017334,4.11703634262085
4.037824630737305,4.16011381149292,4.102846145629883
4.313635349273682,4.230976581573486,4.326390743255615
4.0365891456604,4.096288681030273,4.066183567047119
3.7937204837799072,3.807412624359131,3.8663973808288574
4.332418441772461,4.260480880737305,4.397316932678223
3.7861123085021973,3.795546054840088,3.7820963859558105
3.9573678970336914,3.980412006378174,4.127022743225098
4.43538236618042,4.4139604568481445,4.491667747497559
4.435031890869141,4.38791036605835,4.463898658752441
3.9683427810668945,4.028304100036621,4.030250549316406
3.9654839038848877,4.016584873199463,3.962996006011963
3.890085458755493,3.804281234741211,3.7641360759735107
3.9109444618225098,3.8768997192382812,3.8877103328704834
3.9204885959625244,3.945091724395752,3.983424425125122
3.9300825595855713,4.0164971351623535,3.868093252182007
4.025060176849365,4.189419746398926,4.1194610595703125
4.017492294311523,3.741974353790283,3.8210415840148926
3.9063351154327393,3.755690574645996,3.8757224082946777
4.11730432510376,4.126176834106445,4.101903915405273
4.375919342041016,4.387650012969971,4.440122604370117
3.9448773860931396,3.857757329940796,3.981401205062866
4.0767130851745605,4.259049892425537,4.182636260986328
4.342817306518555,4.204051494598389,4.309516429901123
3.8709888458251953,3.9400062561035156,3.9180400371551514
4.409713268280029,4.365390777587891,4.477877616882324
3.906442880630493,3.9037508964538574,3.8947219848632812
4.021520137786865,4.110474109649658,4.091780185699463
4.03594970703125,3.9458065032958984,3.843496799468994
3.84769606590271,3.8598220348358154,3.807356357574463
4.070222854614258,4.044718265533447,3.9945335388183594
4.589435577392578,4.396552085876465,4.466464996337891
3.9928627014160156,4.086857318878174,3.96043062210083
3.866464614868164,3.9465770721435547,3.9715938568115234
4.250053882598877,4.145694732666016,4.120436191558838
4.459709167480469,4.391164779663086,4.471436500549316
4.139721870422363,4.2117509841918945,4.0525803565979
4.007449150085449,4.073220729827881,4.084636688232422
4.46116828918457,4.354465961456299,4.476784706115723
3.8572118282318115,3.9964680671691895,3.973844528198242
4.369011878967285,4.384387016296387,4.35917329788208
3.9754319190979004,3.793543815612793,3.6516008377075195
3.9639766216278076,3.856257438659668,3.8105599880218506
3.956744432449341,3.9509592056274414,3.9122815132141113
4.053577899932861,4.082681179046631,4.149438381195068
3.9314069747924805,3.8973026275634766,3.9315195083618164
4.322198390960693,4.365847587585449,4.340879440307617
4.364457130432129,4.337115287780762,4.337452411651611
3.9886035919189453,3.970478057861328,4.083975791931152
3.996511697769165,4.085394382476807,4.099287033081055
4.145879745483398,4.166720867156982,4.164703845977783
3.91487193107605,3.7917983531951904,3.7284860610961914
4.4588494300842285,4.438864707946777,4.456385612487793
3.802500009536743,3.872340440750122,3.7057652473449707
4.103050708770752,4.153445243835449,4.069374084472656
4.064795017242432,4.242276191711426,4.019410610198975
4.023375988006592,3.9264755249023438,3.95920467376709
3.987800359725952,4.233470439910889,3.829463243484497
3.9429006576538086,3.9710564613342285,3.800870895385742
3.9948887825012207,3.9239139556884766,4.084481239318848
4.483473300933838,4.421099662780762,4.46058464050293
3.974050998687744,3.9586703777313232,3.958294153213501
4.385445594787598,4.332692623138428,4.374415397644043
4.0884552001953125,4.132173538208008,4.007363319396973
3.920175552368164,4.008644104003906,3.8315229415893555
3.9996957778930664,4.045004367828369,4.089759826660156
4.482573509216309,4.405505657196045,4.446010589599609
3.976074695587158,4.041525840759277,3.881131172180176
3.837209463119507,3.985809326171875,3.974977731704712
4.309630393981934,4.326299667358398,4.393243789672852
4.470175266265869,4.3592634201049805,4.455446243286133
4.004192352294922,3.879650831222534,3.9347381591796875
3.801335096359253,3.82310152053833,3.7896671295166016
3.816307544708252,3.8273284435272217,3.8506972789764404
3.9676883220672607,3.984388828277588,3.96515154838562
3.974189281463623,3.9861295223236084,4.058816432952881
3.8908121585845947,3.9476048946380615,3.8673830032348633
4.005866527557373,3.8885531425476074,3.9196155071258545
4.066176891326904,4.025043964385986,4.051716327667236
3.7147488594055176,3.8317129611968994,3.8051016330718994
4.117602825164795,4.112797260284424,4.078042984008789
3.9279346466064453,4.186027526855469,3.927501678466797
4.029058933258057,4.135536193847656,4.098787307739258
3.9791383743286133,4.1256422996521,4.080914497375488
4.296511650085449,4.208749771118164,4.270679950714111
3.942553758621216,4.042169570922852,3.9700839519500732
4.071366310119629,4.080323219299316,3.961505651473999
4.359721660614014,4.303855895996094,4.386538028717041
3.8943159580230713,4.029707908630371,3.838517427444458
4.548720836639404,4.422159671783447,4.574230194091797
4.000216960906982,4.189105987548828,3.863208055496216
3.915558099746704,4.017086982727051,3.9550371170043945
4.20460844039917,4.218133926391602,4.27959680557251
3.8827521800994873,3.9615864753723145,3.9834659099578857
4.009153366088867,4.1574625968933105,4.110592365264893
4.4716291427612305,4.386176109313965,4.40648889541626
3.950559616088867,3.9031782150268555,3.9763987064361572
4.534977436065674,4.479213237762451,4.484751224517822
4.286434173583984,4.1487860679626465,4.296332836151123
4.032376766204834,4.036874771118164,3.9771339893341064
4.145413875579834,4.071165084838867,4.055222511291504
4.32485818862915,4.245919227600098,4.379483699798584
4.230269908905029,4.269027233123779,4.248169422149658
4.050108909606934,4.130833625793457,4.009008407592773
4.150541305541992,4.172884941101074,4.2296528816223145
4.1131744384765625,4.216818332672119,4.17082405090332
4.384819030761719,4.418827056884766,4.372198104858398
4.600101470947266,4.464012145996094,4.623665809631348
3.9608986377716064,3.9635963439941406,3.9266979694366455
3.989360809326172,4.086834907531738,4.046489238739014
3.922206163406372,3.817415714263916,3.8884081840515137
3.896911859512329,3.9996254444122314,3.8178699016571045
4.316955089569092,4.276830196380615,4.306396484375
4.041787147521973,4.074361801147461,4.052909851074219
4.551523208618164,4.3565545082092285,4.691471576690674
4.477598667144775,4.402303218841553,4.446078300476074
3.9730353355407715,3.9127886295318604,4.127001762390137
4.040800094604492,4.126439094543457,3.968306303024292
3.9997828006744385,3.989199638366699,3.9179086685180664
4.117967128753662,4.017703533172607,4.079107761383057
4.682677268981934,4.567908763885498,4.8078436851501465
4.142107963562012,4.2454938888549805,4.202474117279053
3.8785791397094727,4.167393684387207,3.898926258087158
3.957319974899292,3.9243056774139404,4.065485000610352
4.034989356994629,4.0665178298950195,3.9660210609436035
3.9471395015716553,3.962892770767212,3.839040517807007
3.9092350006103516,3.8336641788482666,3.7160861492156982
3.88246750831604,3.8268017768859863,3.7251029014587402
4.075875282287598,4.108706474304199,4.098420143127441
3.8387861251831055,4.011610507965088,3.8493685722351074
4.1070404052734375,4.164466381072998,4.104135513305664
4.5122575759887695,4.405519008636475,4.458375930786133
4.033383369445801,4.003910064697266,4.146823883056641
3.934548854827881,3.9828319549560547,3.9035589694976807
3.7201592922210693,3.893400192260742,3.4685730934143066
4.497634410858154,4.4565629959106445,4.567934036254883
3.981048107147217,4.0735883712768555,4.081480503082275
4.155153751373291,4.28811502456665,4.1785969734191895
3.7938601970672607,3.835848808288574,3.7621641159057617
3.9325244426727295,4.16856575012207,3.8859169483184814
4.000477313995361,4.070079326629639,3.921215295791626
3.9652957916259766,4.026669502258301,3.848693370819092
4.613662242889404,4.421449661254883,4.651468276977539
3.8885726928710938,3.583933115005493,3.713688611984253
3.926393985748291,3.9936394691467285,4.218796253204346
4.259785175323486,4.19080924987793,4.248783111572266
3.995459794998169,4.03955078125,4.053038120269775
3.889469861984253,4.168708324432373,3.8810360431671143
4.218850612640381,4.247096061706543,4.271565914154053
4.050727844238281,4.281191825866699,4.039005279541016
4.572778701782227,4.426806449890137,4.504965782165527
4.48478364944458,4.374096870422363,4.57624626159668
3.8718063831329346,4.051977634429932,3.8861489295959473
4.001777172088623,3.967684268951416,3.9335343837738037
4.031489372253418,3.930229902267456,3.9959957599639893
3.7676010131835938,3.8743743896484375,3.803976058959961
4.678573131561279,4.475009441375732,4.593105792999268
3.866405487060547,3.7839269638061523,3.8559844493865967
4.029748916625977,3.91361927986145,4.000044345855713
4.388065814971924,4.290073871612549,4.253944396972656
4.012457370758057,4.128975868225098,4.058222770690918
4.057323932647705,4.183483123779297,4.039362907409668
3.9765334129333496,4.033245086669922,3.794278621673584
3.8161087036132812,3.7407114505767822,4.042088508605957
3.9029271602630615,3.7155187129974365,3.88616943359375
4.071255683898926,4.114186763763428,4.099316120147705
4.044892311096191,4.071628093719482,3.88961124420166
4.522157192230225,4.3796281814575195,4.474392890930176
4.190443992614746,4.064739227294922,4.198322296142578
3.9746499061584473,4.058124542236328,4.077462196350098
4.363837718963623,4.276237487792969,4.339919090270996
4.355240821838379,4.293095588684082,4.3483452796936035
4.054383277893066,4.087991237640381,3.97343111038208
4.060319900512695,4.07266902923584,4.172232151031494
3.828273057937622,3.5732452869415283,3.6223154067993164
4.121165752410889,4.1654462814331055,4.17622184753418
4.402054786682129,4.294297218322754,4.5088019371032715
4.086893558502197,4.064926624298096,4.06143856048584
4.118264675140381,4.242900848388672,4.188609600067139
3.8995468616485596,3.8642308712005615,4.012964725494385
3.9800944328308105,4.086707592010498,4.092654228210449
4.099266052246094,4.164450645446777,4.164539813995361
4.044422149658203,4.109569549560547,3.9683637619018555
3.966470241546631,4.0071120262146,4.100213050842285
4.346372604370117,4.257988929748535,4.323421001434326
4.1948747634887695,4.168121337890625,4.127845764160156
4.623270034790039,4.5012311935424805,4.604790687561035
4.298285484313965,4.24190092086792,4.343092918395996
4.160048007965088,4.137111186981201,4.093405723571777
4.0726542472839355,3.9180660247802734,4.0938615798950195
4.416057586669922,4.334531784057617,4.282779216766357
3.7930915355682373,3.7262492179870605,3.895045280456543
4.164560794830322,4.158941745758057,4.084716320037842
4.136244773864746,4.159699440002441,4.08426570892334
3.93464994430542,3.94933819770813,3.832176446914673
4.279575824737549,4.2483367919921875,4.383353233337402
4.0001301765441895,3.960174560546875,3.8630599975585938
4.089304447174072,4.121017932891846,4.007391929626465
4.046026706695557,4.308030128479004,4.08974027633667
4.0391364097595215,4.129566192626953,4.018299102783203
4.108226776123047,4.125670433044434,4.100087642669678
3.968996286392212,4.0676679611206055,3.8140063285827637
4.172573566436768,4.087678909301758,3.967059850692749
3.833911657333374,3.9584569931030273,3.887134075164795
3.732313394546509,3.9171700477600098,3.7353663444519043
4.039850234985352,4.112269401550293,3.8729376792907715
3.7971982955932617,3.914033889770508,3.934356689453125
